,,fuel,fuel,fuel,fuel,fuel,fuel,fuel,fuel,fuel,fuel,fuel,fuel,wasm_time,wasm_time,wasm_time,wasm_time,wasm_time,wasm_time,wasm_time,wasm_time,wasm_time,wasm_time,wasm_time,wasm_time,call_overhead,call_overhead,call_overhead,call_overhead,call_overhead,call_overhead,call_overhead,call_overhead,call_overhead,call_overhead,call_overhead,call_overhead,gas,gas,gas,gas,gas,gas,gas,gas,gas,gas,gas,gas,compute_gas,compute_gas,compute_gas,compute_gas,compute_gas,compute_gas,compute_gas,compute_gas,compute_gas,compute_gas,compute_gas,compute_gas,num_actor_calls,num_actor_calls,num_actor_calls,num_actor_calls,num_actor_calls,num_actor_calls,num_actor_calls,num_actor_calls,num_actor_calls,num_actor_calls,num_actor_calls,num_actor_calls,num_syscalls,num_syscalls,num_syscalls,num_syscalls,num_syscalls,num_syscalls,num_syscalls,num_syscalls,num_syscalls,num_syscalls,num_syscalls,num_syscalls,num_externs,num_externs,num_externs,num_externs,num_externs,num_externs,num_externs,num_externs,num_externs,num_externs,num_externs,num_externs,block_bytes_read,block_bytes_read,block_bytes_read,block_bytes_read,block_bytes_read,block_bytes_read,block_bytes_read,block_bytes_read,block_bytes_read,block_bytes_read,block_bytes_read,block_bytes_read,block_bytes_written,block_bytes_written,block_bytes_written,block_bytes_written,block_bytes_written,block_bytes_written,block_bytes_written,block_bytes_written,block_bytes_written,block_bytes_written,block_bytes_written,block_bytes_written,time,time,time,time,time,time,time,time,time,time,time,time,ops_per_ns,ops_per_ns,ops_per_ns,ops_per_ns,ops_per_ns,ops_per_ns,ops_per_ns,ops_per_ns,ops_per_ns,ops_per_ns,ops_per_ns,ops_per_ns,ns_per_op,ns_per_op,ns_per_op,ns_per_op,ns_per_op,ns_per_op,ns_per_op,ns_per_op,ns_per_op,ns_per_op,ns_per_op,ns_per_op,gas_per_op,gas_per_op,gas_per_op,gas_per_op,gas_per_op,gas_per_op,gas_per_op,gas_per_op,gas_per_op,gas_per_op,gas_per_op,gas_per_op,new_exec_gas,new_exec_gas,new_exec_gas,new_exec_gas,new_exec_gas,new_exec_gas,new_exec_gas,new_exec_gas,new_exec_gas,new_exec_gas,new_exec_gas,new_exec_gas,new_syscall_gas,new_syscall_gas,new_syscall_gas,new_syscall_gas,new_syscall_gas,new_syscall_gas,new_syscall_gas,new_syscall_gas,new_syscall_gas,new_syscall_gas,new_syscall_gas,new_syscall_gas,new_extern_gas,new_extern_gas,new_extern_gas,new_extern_gas,new_extern_gas,new_extern_gas,new_extern_gas,new_extern_gas,new_extern_gas,new_extern_gas,new_extern_gas,new_extern_gas,new_memcpy_gas,new_memcpy_gas,new_memcpy_gas,new_memcpy_gas,new_memcpy_gas,new_memcpy_gas,new_memcpy_gas,new_memcpy_gas,new_memcpy_gas,new_memcpy_gas,new_memcpy_gas,new_memcpy_gas,new_memret_gas,new_memret_gas,new_memret_gas,new_memret_gas,new_memret_gas,new_memret_gas,new_memret_gas,new_memret_gas,new_memret_gas,new_memret_gas,new_memret_gas,new_memret_gas,new_extra_gas_total,new_extra_gas_total,new_extra_gas_total,new_extra_gas_total,new_extra_gas_total,new_extra_gas_total,new_extra_gas_total,new_extra_gas_total,new_extra_gas_total,new_extra_gas_total,new_extra_gas_total,new_extra_gas_total,final_total_gas,final_total_gas,final_total_gas,final_total_gas,final_total_gas,final_total_gas,final_total_gas,final_total_gas,final_total_gas,final_total_gas,final_total_gas,final_total_gas,new_pct_of_orig_gas,new_pct_of_orig_gas,new_pct_of_orig_gas,new_pct_of_orig_gas,new_pct_of_orig_gas,new_pct_of_orig_gas,new_pct_of_orig_gas,new_pct_of_orig_gas,new_pct_of_orig_gas,new_pct_of_orig_gas,new_pct_of_orig_gas,new_pct_of_orig_gas
,,count,mean,std,min,50%,60%,70%,80%,90%,95%,99%,max,count,mean,std,min,50%,60%,70%,80%,90%,95%,99%,max,count,mean,std,min,50%,60%,70%,80%,90%,95%,99%,max,count,mean,std,min,50%,60%,70%,80%,90%,95%,99%,max,count,mean,std,min,50%,60%,70%,80%,90%,95%,99%,max,count,mean,std,min,50%,60%,70%,80%,90%,95%,99%,max,count,mean,std,min,50%,60%,70%,80%,90%,95%,99%,max,count,mean,std,min,50%,60%,70%,80%,90%,95%,99%,max,count,mean,std,min,50%,60%,70%,80%,90%,95%,99%,max,count,mean,std,min,50%,60%,70%,80%,90%,95%,99%,max,count,mean,std,min,50%,60%,70%,80%,90%,95%,99%,max,count,mean,std,min,50%,60%,70%,80%,90%,95%,99%,max,count,mean,std,min,50%,60%,70%,80%,90%,95%,99%,max,count,mean,std,min,50%,60%,70%,80%,90%,95%,99%,max,count,mean,std,min,50%,60%,70%,80%,90%,95%,99%,max,count,mean,std,min,50%,60%,70%,80%,90%,95%,99%,max,count,mean,std,min,50%,60%,70%,80%,90%,95%,99%,max,count,mean,std,min,50%,60%,70%,80%,90%,95%,99%,max,count,mean,std,min,50%,60%,70%,80%,90%,95%,99%,max,count,mean,std,min,50%,60%,70%,80%,90%,95%,99%,max,count,mean,std,min,50%,60%,70%,80%,90%,95%,99%,max,count,mean,std,min,50%,60%,70%,80%,90%,95%,99%,max
code,method,,,,,,,,,,,,,,,,,,,,,,,,,,,,,,,,,,,,,,,,,,,,,,,,,,,,,,,,,,,,,,,,,,,,,,,,,,,,,,,,,,,,,,,,,,,,,,,,,,,,,,,,,,,,,,,,,,,,,,,,,,,,,,,,,,,,,,,,,,,,,,,,,,,,,,,,,,,,,,,,,,,,,,,,,,,,,,,,,,,,,,,,,,,,,,,,,,,,,,,,,,,,,,,,,,,,,,,,,,,,,,,,,,,,,,,,,,,,,,,,,,,,,,,,,,,,,,,,,,,,,,,,
fil/7/account,0.0,45871.0,1353.7907174467528,5529.680472578693,0.0,0.0,0.0,0.0,0.0,0.0,23936.0,23936.0,24061.0,45871.0,2634.448911076715,11087.18511018051,0.0,0.0,0.0,0.0,0.0,0.0,23940.0,52774.0,82211.0,2594.0,54312.30262143408,81474.5147191498,39806.0,52340.0,52860.0,53452.0,54183.0,55415.0,56591.5,61200.43000000001,3988948.0,45871.0,566962.6619868763,378958.51896619727,278696.0,491868.0,491868.0,491868.0,493168.0,495768.0,2103918.0,2110418.0,2193618.0,45871.0,332239.2179808594,346756.256581408,68096.0,255268.0,255268.0,255268.0,255268.0,255268.0,1741218.0,1741218.0,1741218.0,45871.0,0.056549889908656885,0.23098303611546556,0.0,0.0,0.0,0.0,0.0,0.0,1.0,1.0,1.0,45871.0,0.508949009177912,2.078847325039191,0.0,0.0,0.0,0.0,0.0,0.0,9.0,9.0,9.0,45871.0,0.0,0.0,0.0,0.0,0.0,0.0,0.0,0.0,0.0,0.0,0.0,45871.0,0.0,0.0,0.0,0.0,0.0,0.0,0.0,0.0,0.0,0.0,0.0,45871.0,2.6433694491072792,11.051027058993169,0.0,0.0,0.0,0.0,0.0,0.0,45.0,45.0,103.0,45871.0,329048.40906019055,690143.5586593028,2825.0,312525.0,334628.0,360676.99999999994,455448.0,602016.0,692634.0,901429.0000000001,65058766.0,2594.0,0.5664271017359834,0.22031390708396004,0.2911532519979078,0.4620135913890686,0.4645674182007843,0.46830581529594134,0.6350914415197941,1.0225261424496566,1.0772279213717868,1.1544919123165505,1.1860073332672678,2594.0,1.9459753406023677,0.4692568107224616,0.8431651069518717,2.1644385026737964,2.1759692513368982,2.1885026737967914,2.2006600935828877,2.2201829879679145,2.235810076871658,2.3444268048128345,3.4346173128342246,2594.0,19.459753406023676,4.692568107224616,8.431651069518718,21.644385026737964,21.759692513368982,21.885026737967912,22.006600935828878,22.201829879679146,22.35810076871658,23.444268048128347,34.346173128342244,45871.0,5415.162869787011,22118.721890314773,0.0,0.0,0.0,0.0,0.0,0.0,95744.0,95744.0,96244.0,45871.0,7125.286128490768,29103.86255054866,0.0,0.0,0.0,0.0,0.0,0.0,126000.0,126000.0,126000.0,45871.0,0.0,0.0,0.0,0.0,0.0,0.0,0.0,0.0,0.0,0.0,0.0,45871.0,1.3216847245536396,5.5255135294965845,0.0,0.0,0.0,0.0,0.0,0.0,22.5,22.5,51.5,45871.0,26.433694491072792,110.51027058993171,0.0,0.0,0.0,0.0,0.0,0.0,450.0,450.0,1030.0,45871.0,12568.204377493405,51335.9641826132,0.0,0.0,0.0,0.0,0.0,0.0,222216.5,222216.5,223325.5,45871.0,579530.8663643696,429997.15361525497,278696.0,491868.0,491868.0,491868.0,493168.0,495768.0,2326134.5,2332634.5,2415834.5,45871.0,1.0059720200259925,0.02439399865441113,1.0,1.0,1.0,1.0,1.0,1.0,1.1052950173851814,1.105620323605768,1.1166462647096185
fil/7/init,2.0,6.0,1315712.3333333333,60924.565192265974,1219606.0,1332816.5,1360298.0,1362664.5,1365031.0,1367795.0,1369177.0,1370282.6,1370559.0,6.0,618695.1666666666,25990.646266814274,572374.0,628790.5,629910.0,631056.0,632202.0,638373.5,641459.25,643927.85,644545.0,6.0,58423.5,4618.262562912594,54428.0,57908.0,58376.0,58483.5,58591.0,62842.0,64967.5,66667.90000000001,67093.0,6.0,12485073.5,471373.7461775953,11689994.0,12689842.5,12714434.0,12781384.0,12848334.0,12853084.0,12855459.0,12857359.0,12857834.0,6.0,4507623.5,208856.0775402526,4243594.0,4597234.0,4597234.0,4624734.0,4652234.0,4682042.5,4696946.75,4708870.15,4711851.0,6.0,2.0,0.0,2.0,2.0,2.0,2.0,2.0,2.0,2.0,2.0,2.0,6.0,51.166666666666664,2.228601953392904,49.0,51.0,51.0,51.5,52.0,53.5,54.25,54.85,55.0,6.0,5.166666666666667,0.408248290463863,5.0,5.0,5.0,5.0,5.0,5.5,5.75,5.95,6.0,6.0,5700.833333333333,200.68623935553393,5332.0,5737.5,5797.0,5812.0,5827.0,5862.5,5880.25,5894.45,5898.0,6.0,5997.333333333333,241.40726307770169,5552.0,6098.0,6128.0,6149.5,6171.0,6171.0,6171.0,6171.0,6171.0,6.0,1284159.3333333333,273491.30075135233,1057935.0,1173209.5,1212429.0,1344997.0,1477565.0,1612346.5,1679737.25,1733649.85,1747128.0,6.0,2.1265575253348263,0.03864584196496105,2.072256354082329,2.1243031073149887,2.1307851160255358,2.1412338239372666,2.151682531848998,2.167622629090871,2.1755926777118075,2.1819687166085573,2.1835627263327444,6.0,0.47037283667662816,0.00853717483400145,0.45796715062977955,0.4707469981224375,0.472183415614737,0.47382046719627025,0.4754575187778035,0.47901164845569305,0.4807887132946378,0.48221036516579363,0.4825657781335826,6.0,4.703728366766281,0.08537174834001438,4.579671506297796,4.707469981224374,4.72183415614737,4.738204671962702,4.754575187778035,4.790116484556931,4.807887132946378,4.822103651657937,4.825657781335826,6.0,5262849.333333333,243698.2607690639,4878424.0,5331266.0,5441192.0,5450658.0,5460124.0,5471180.0,5476708.0,5481130.4,5482236.0,6.0,716333.3333333334,31200.427347500652,686000.0,714000.0,714000.0,721000.0,728000.0,749000.0,759500.0,767900.0,770000.0,6.0,108500.0,8573.214099741122,105000.0,105000.0,105000.0,105000.0,105000.0,115500.0,120750.0,124950.0,126000.0,6.0,5849.083333333333,217.59490266701258,5442.0,5917.75,5932.5,5965.75,5999.0,6016.75,6025.625,6032.725,6034.5,6.0,59973.333333333336,2414.072630777017,55520.0,60980.0,61280.0,61495.0,61710.0,61710.0,61710.0,61710.0,61710.0,6.0,6153505.083333333,260953.67788008213,5730386.0,6263212.0,6341901.0,6343818.75,6345736.5,6357358.5,6363169.5,6367818.3,6368980.5,6.0,18638578.583333332,729881.0990340424,17420380.0,18954972.25,19060170.5,19129952.75,19199735.0,19208524.75,19212919.625,19216435.525,19217314.5,6.0,1.4928048705511745,0.004038268813555908,1.488306390453691,1.4917626028906348,1.4932324526821548,1.4944686132731109,1.4957047738640668,1.497400911860473,1.498248980858676,1.4989274360572387,1.4990970498568792
fil/7/multisig,0.0,111.0,0.0,0.0,0.0,0.0,0.0,0.0,0.0,0.0,0.0,0.0,0.0,111.0,0.0,0.0,0.0,0.0,0.0,0.0,0.0,0.0,0.0,0.0,0.0,0.0,,,,,,,,,,,,111.0,443475.2072072072,23048.516859054715,415168.0,441168.0,441168.0,442468.0,443768.0,493168.0,493168.0,493168.0,494468.0,111.0,255268.0,0.0,255268.0,255268.0,255268.0,255268.0,255268.0,255268.0,255268.0,255268.0,255268.0,111.0,0.0,0.0,0.0,0.0,0.0,0.0,0.0,0.0,0.0,0.0,0.0,111.0,0.0,0.0,0.0,0.0,0.0,0.0,0.0,0.0,0.0,0.0,0.0,111.0,0.0,0.0,0.0,0.0,0.0,0.0,0.0,0.0,0.0,0.0,0.0,111.0,0.0,0.0,0.0,0.0,0.0,0.0,0.0,0.0,0.0,0.0,0.0,111.0,0.0,0.0,0.0,0.0,0.0,0.0,0.0,0.0,0.0,0.0,0.0,111.0,334185.3333333333,150938.43241879262,84821.0,324628.0,342182.0,357521.0,375305.0,539437.0,618002.5,857412.8,939750.0,0.0,,,,,,,,,,,,0.0,,,,,,,,,,,,0.0,,,,,,,,,,,,111.0,0.0,0.0,0.0,0.0,0.0,0.0,0.0,0.0,0.0,0.0,0.0,111.0,0.0,0.0,0.0,0.0,0.0,0.0,0.0,0.0,0.0,0.0,0.0,111.0,0.0,0.0,0.0,0.0,0.0,0.0,0.0,0.0,0.0,0.0,0.0,111.0,0.0,0.0,0.0,0.0,0.0,0.0,0.0,0.0,0.0,0.0,0.0,111.0,0.0,0.0,0.0,0.0,0.0,0.0,0.0,0.0,0.0,0.0,0.0,111.0,0.0,0.0,0.0,0.0,0.0,0.0,0.0,0.0,0.0,0.0,0.0,111.0,443475.2072072072,23048.516859054715,415168.0,441168.0,441168.0,442468.0,443768.0,493168.0,493168.0,493168.0,494468.0,111.0,1.0,0.0,1.0,1.0,1.0,1.0,1.0,1.0,1.0,1.0,1.0
fil/7/multisig,2.0,1837.0,338034.0865541644,382496.8963606133,168637.0,272920.0,273496.0,273551.0,274241.0,275274.0,311478.0,2478792.8399999975,3590602.0,1837.0,207464.02830702232,228520.6099418312,98994.0,160375.0,161935.4,169103.2,224268.2,244437.4,255225.99999999988,1062231.2399999984,7099125.0,1837.0,78337.35928143712,421172.89593776304,53302.0,61978.0,62575.0,63501.0,66460.20000000001,69001.4,70380.0,83128.47999999959,16338211.0,1837.0,3760824.357103974,935637.598436069,2360847.0,3776366.0,3777666.0,3778966.0,3781566.0,3784166.0,3793266.0,7926461.919999997,14003634.0,1837.0,2918866.6543277083,421906.3843187235,1935747.0,3088666.0,3088666.0,3088666.0,3088666.0,3088666.0,3088666.0,3088666.0,5114234.0,1837.0,1.0059880239520957,0.08393291405217139,1.0,1.0,1.0,1.0,1.0,1.0,1.0,1.0,3.0,1837.0,42.80729450190528,5.815415162744035,30.0,45.0,45.0,45.0,45.0,45.0,45.0,45.0,97.0,1837.0,5.7131192161132285,0.7697344939116786,4.0,6.0,6.0,6.0,6.0,6.0,6.0,6.0,14.0,1837.0,441.91453456722917,700.2389856521796,161.0,327.0,328.0,329.0,330.0,334.0,404.1999999999989,3873.1999999999994,11074.0,1837.0,487.8943930321176,672.1590385874606,212.0,369.0,371.0,371.0,373.0,377.0,495.1999999999971,3932.8399999999992,6730.0,1837.0,1102454.7180185085,4530437.559905252,201504.0,772522.0,839874.0,922656.0,1045261.0000000002,1208124.0,1383530.1999999993,1988857.399999998,134040783.0,1837.0,1.6012348038310231,0.3009447274250031,0.038447696018875564,1.706870133525126,1.7247364334609678,1.7380137531945268,1.7529955685124627,1.7722220299326066,1.8452135028243348,2.3406372047755517,2.9256467638339174,1837.0,0.6681059293862994,0.6365811765071131,0.3418047634327354,0.5858676535248424,0.5908047947148354,0.6102439213966224,0.8417794874353285,0.8950585742828796,0.9298868216933907,1.0290820211752332,26.00936086024657,1837.0,6.681059293862994,6.365811765071131,3.4180476343273543,5.858676535248424,5.908047947148353,6.102439213966224,8.417794874353286,8.950585742828796,9.298868216933906,10.290820211752331,260.0936086024657,1837.0,1352136.3462166577,1529987.5854424532,674548.0,1091680.0,1093984.0,1094204.0,1096964.0,1101096.0,1245912.0,9915171.35999999,14362408.0,1837.0,599302.1230266739,81415.81227841649,420000.0,630000.0,630000.0,630000.0,630000.0,630000.0,630000.0,630000.0,1358000.0,1837.0,119975.50353837779,16164.42437214525,84000.0,126000.0,126000.0,126000.0,126000.0,126000.0,126000.0,126000.0,294000.0,1837.0,464.9044637996734,684.3757215586558,186.5,348.0,349.5,350.0,351.5,355.5,449.7999999999979,3903.0199999999995,8902.0,1837.0,4878.943930321176,6721.590385874606,2120.0,3690.0,3710.0,3710.0,3730.0,3770.0,4951.999999999971,39328.399999999994,67300.0,1837.0,2076757.8211758302,1533038.4913817288,1181384.0,1851718.0,1854011.0,1854253.0,1856903.5,1861035.5,1889030.5,10543022.119999982,16090610.0,1837.0,5837582.178279804,2411162.290489653,3558017.5,5629077.0,5629866.0,5634561.0,5638611.5,5643135.5,5682706.899999999,18325446.759999957,30094244.0,1837.0,1.5258227672662639,0.15385183544240807,1.4750171010736863,1.4909447104688576,1.4909712274665183,1.4912922266651807,1.4921711005440603,1.5032337315908364,1.628553558939525,2.39508376807851,2.559610338981844
fil/7/multisig,3.0,467.0,1688605.1220556744,1759337.5861090631,52934.0,712472.0,1931782.0,2193074.4,2916193.0,4831030.600000004,5836155.199999999,6634845.999999999,7122083.0,467.0,727698.0920770878,637731.1431349183,94869.0,426614.0,846617.8,983816.2,1044441.8000000002,1848340.8000000005,2222686.6999999997,2579345.9799999995,2744348.0,467.0,63711.22698072805,5647.8185708566625,52514.0,62349.0,65917.0,68044.0,69252.0,70556.0,71669.0,75621.87999999998,88198.0,467.0,6286783.282655247,4955713.79881515,541553.0,3792081.0,4342714.6,5058781.0,12321008.0,14874313.000000002,17406400.3,18671095.999999996,19989525.0,467.0,2688209.357601713,941708.8528176897,291953.0,2766381.0,2766381.0,2766381.0,3810013.0,3841368.0,4242924.5,4861144.0,5811725.0,467.0,1.271948608137045,0.4596661570030812,1.0,1.0,1.0,1.0,2.0,2.0,2.0,2.0,3.0,467.0,47.066381156316915,17.070099236642672,14.0,45.0,45.0,46.0,71.0,72.0,72.0,82.0,108.0,467.0,6.346895074946467,2.2560376778743225,2.0,6.0,6.0,6.0,9.0,9.0,9.0,12.0,17.0,467.0,3303.777301927195,3743.257935509971,63.0,1229.0,3518.0,3951.2,6441.6,9395.2,11776.0,13072.479999999998,17174.0,467.0,2613.4860813704495,3258.723641849288,36.0,863.0,1850.9999999999998,2069.6,6411.8,8384.000000000002,10018.699999999999,10697.839999999998,11030.0,467.0,1194778.460385439,714991.4180695239,233204.0,1110105.0,1210484.1999999997,1374942.5999999999,1479230.4000000001,2484781.0000000014,2805107.2,3194526.06,3451835.0,467.0,1.9472606992675598,0.5891421378154464,0.5579694104501998,1.9263357783320072,2.215204233797248,2.3271977548239873,2.563041909617007,2.6722820256955937,2.88560834842652,2.9287039313189105,2.9628434076981227,467.0,0.5714577761711703,0.20240893202001425,0.33751361864139656,0.5191202962890971,0.5542627807469772,0.6535861295809049,0.788082734349213,0.8549166995734003,0.9606631516305445,0.9967324052238995,1.7922129444213548,467.0,5.714577761711703,2.0240893202001424,3.3751361864139655,5.191202962890971,5.542627807469772,6.535861295809049,7.88082734349213,8.549166995734003,9.606631516305447,9.967324052238995,17.92212944421355,467.0,6754420.488222698,7037350.3444362525,211736.0,2849888.0,7727128.0,8772297.6,11664772.0,19324122.400000017,23344620.799999997,26539383.999999996,28488332.0,467.0,658929.3361884368,238981.38931299737,196000.0,630000.0,630000.0,644000.0,994000.0,1008000.0,1008000.0,1148000.0,1512000.0,467.0,133284.7965738758,47376.791235360775,42000.0,126000.0,126000.0,126000.0,189000.0,189000.0,189000.0,252000.0,357000.0,467.0,2958.631691648822,3480.2280922891096,49.5,1051.0,2682.4999999999995,3010.4,6428.4,8892.6,10878.75,11947.809999999996,13987.5,467.0,26134.860813704498,32587.236418492885,360.0,8630.0,18510.0,20696.0,64118.0,83840.00000000001,100187.0,106978.39999999998,110300.0,467.0,7575728.113490364,7277842.218299116,450145.5,3629543.0,8295369.3999999985,9372719.299999999,12918457.9,20613915.000000015,24655892.099999998,28148013.52999999,30479329.5,467.0,13862511.39614561,12066758.500367217,991698.5,8122883.0,12734041.0,14655463.8,25220149.0,35496028.000000015,41887381.8,46613173.3,50468854.5,467.0,2.0929393482078473,0.5178361860575379,1.419330831992307,2.00448735789022,2.0466481098021347,2.402342227027185,2.681836119349111,2.9436854472065743,3.0240470674271602,3.1356337199780304,3.2828311033578625
fil/7/multisig,4.0,1.0,103660.0,,103660.0,103660.0,103660.0,103660.0,103660.0,103660.0,103660.0,103660.0,103660.0,1.0,142831.0,,142831.0,142831.0,142831.0,142831.0,142831.0,142831.0,142831.0,142831.0,142831.0,1.0,65986.0,,65986.0,65986.0,65986.0,65986.0,65986.0,65986.0,65986.0,65986.0,65986.0,1.0,1273688.0,,1273688.0,1273688.0,1273688.0,1273688.0,1273688.0,1273688.0,1273688.0,1273688.0,1273688.0,1.0,1030588.0,,1030588.0,1030588.0,1030588.0,1030588.0,1030588.0,1030588.0,1030588.0,1030588.0,1030588.0,1.0,1.0,,1.0,1.0,1.0,1.0,1.0,1.0,1.0,1.0,1.0,1.0,19.0,,19.0,19.0,19.0,19.0,19.0,19.0,19.0,19.0,19.0,1.0,2.0,,2.0,2.0,2.0,2.0,2.0,2.0,2.0,2.0,2.0,1.0,120.0,,120.0,120.0,120.0,120.0,120.0,120.0,120.0,120.0,120.0,1.0,73.0,,73.0,73.0,73.0,73.0,73.0,73.0,73.0,73.0,73.0,1.0,477469.0,,477469.0,477469.0,477469.0,477469.0,477469.0,477469.0,477469.0,477469.0,477469.0,1.0,0.7257528127647359,,0.7257528127647359,0.7257528127647359,0.7257528127647359,0.7257528127647359,0.7257528127647359,0.7257528127647359,0.7257528127647359,0.7257528127647359,0.7257528127647359,1.0,1.3778796064055567,,1.3778796064055567,1.3778796064055567,1.3778796064055567,1.3778796064055567,1.3778796064055567,1.3778796064055567,1.3778796064055567,1.3778796064055567,1.3778796064055567,1.0,13.778796064055568,,13.778796064055568,13.778796064055568,13.778796064055568,13.778796064055568,13.778796064055568,13.778796064055568,13.778796064055568,13.778796064055568,13.778796064055568,1.0,414640.0,,414640.0,414640.0,414640.0,414640.0,414640.0,414640.0,414640.0,414640.0,414640.0,1.0,266000.0,,266000.0,266000.0,266000.0,266000.0,266000.0,266000.0,266000.0,266000.0,266000.0,1.0,42000.0,,42000.0,42000.0,42000.0,42000.0,42000.0,42000.0,42000.0,42000.0,42000.0,1.0,96.5,,96.5,96.5,96.5,96.5,96.5,96.5,96.5,96.5,96.5,1.0,730.0,,730.0,730.0,730.0,730.0,730.0,730.0,730.0,730.0,730.0,1.0,723466.5,,723466.5,723466.5,723466.5,723466.5,723466.5,723466.5,723466.5,723466.5,723466.5,1.0,1997154.5,,1997154.5,1997154.5,1997154.5,1997154.5,1997154.5,1997154.5,1997154.5,1997154.5,1997154.5,1.0,1.5680091984850293,,1.5680091984850293,1.5680091984850293,1.5680091984850293,1.5680091984850293,1.5680091984850293,1.5680091984850293,1.5680091984850293,1.5680091984850293,1.5680091984850293
fil/7/paymentchannel,0.0,1.0,0.0,,0.0,0.0,0.0,0.0,0.0,0.0,0.0,0.0,0.0,1.0,0.0,,0.0,0.0,0.0,0.0,0.0,0.0,0.0,0.0,0.0,0.0,,,,,,,,,,,,1.0,486668.0,,486668.0,486668.0,486668.0,486668.0,486668.0,486668.0,486668.0,486668.0,486668.0,1.0,255268.0,,255268.0,255268.0,255268.0,255268.0,255268.0,255268.0,255268.0,255268.0,255268.0,1.0,0.0,,0.0,0.0,0.0,0.0,0.0,0.0,0.0,0.0,0.0,1.0,0.0,,0.0,0.0,0.0,0.0,0.0,0.0,0.0,0.0,0.0,1.0,0.0,,0.0,0.0,0.0,0.0,0.0,0.0,0.0,0.0,0.0,1.0,0.0,,0.0,0.0,0.0,0.0,0.0,0.0,0.0,0.0,0.0,1.0,0.0,,0.0,0.0,0.0,0.0,0.0,0.0,0.0,0.0,0.0,1.0,968284.0,,968284.0,968284.0,968284.0,968284.0,968284.0,968284.0,968284.0,968284.0,968284.0,0.0,,,,,,,,,,,,0.0,,,,,,,,,,,,0.0,,,,,,,,,,,,1.0,0.0,,0.0,0.0,0.0,0.0,0.0,0.0,0.0,0.0,0.0,1.0,0.0,,0.0,0.0,0.0,0.0,0.0,0.0,0.0,0.0,0.0,1.0,0.0,,0.0,0.0,0.0,0.0,0.0,0.0,0.0,0.0,0.0,1.0,0.0,,0.0,0.0,0.0,0.0,0.0,0.0,0.0,0.0,0.0,1.0,0.0,,0.0,0.0,0.0,0.0,0.0,0.0,0.0,0.0,0.0,1.0,0.0,,0.0,0.0,0.0,0.0,0.0,0.0,0.0,0.0,0.0,1.0,486668.0,,486668.0,486668.0,486668.0,486668.0,486668.0,486668.0,486668.0,486668.0,486668.0,1.0,1.0,,1.0,1.0,1.0,1.0,1.0,1.0,1.0,1.0,1.0
fil/7/storagemarket,2.0,2586.0,1945799.5131477185,74224.31251953827,1774057.0,1935126.0,1953277.0,2000570.0,2015939.0,2062274.0,2076802.0,2078315.7500000007,2102736.0,2586.0,757496.1233565352,34241.384776346276,664100.0,752838.5,761159.0,773892.0,786178.0,798973.5,807888.75,871268.5000000001,1143068.0,2586.0,55581.975638051044,7327.277015381722,47411.0,54534.0,55110.0,55768.5,56648.0,57940.0,59716.5,100343.8500000004,180338.0,2586.0,11119582.387857696,199932.57379317563,10774647.0,11049837.0,11107037.0,11190237.0,11277337.0,11341037.0,11615594.0,11705294.0,11900294.0,2586.0,2246547.005027069,115884.98581221249,1963247.0,2216337.0,2216337.0,2216337.0,2216337.0,2216337.0,2684594.0,2684594.0,2684594.0,2586.0,1.9984532095901006,0.03930642816771616,1.0,2.0,2.0,2.0,2.0,2.0,2.0,2.0,2.0,2586.0,39.245939675174014,1.0532408062606864,29.0,39.0,39.0,39.0,39.0,39.0,43.0,43.0,43.0,2586.0,6.062258313998453,0.25718037491287793,4.0,6.0,6.0,6.0,6.0,6.0,7.0,7.0,7.0,2586.0,7122.047177107502,108.40007609251843,6584.0,7096.0,7133.0,7183.5,7228.0,7285.0,7318.0,7319.75,7378.0,2586.0,6740.100541376643,105.96427239806758,6549.0,6717.0,6780.0,6798.0,6847.0,6892.0,6929.0,6931.700000000002,7001.0,2586.0,1196107.6860015467,140395.3918862621,782771.0,1203593.0,1216197.0,1231085.0,1250362.0,1278354.5,1315396.5,1981614.1500000001,2274673.0,2586.0,2.5703751910637638,0.06873269467509127,1.8168665381237161,2.573233020009858,2.5806265652574703,2.5888509213313413,2.600449970950749,2.6345101396853043,2.6775332488545436,2.7160099365229136,2.7552664796836503,2586.0,0.38935138526420365,0.011411513825982782,0.36294130073212244,0.38861618525177305,0.38967254092324466,0.3909787860628289,0.39268877799576035,0.39669459528312084,0.4024707739737645,0.44856598381630963,0.5503981602483049,2586.0,3.8935138526420365,0.11411513825982782,3.6294130073212245,3.8861618525177306,3.8967254092324466,3.9097878606282888,3.9268877799576036,3.9669459528312085,4.024707739737645,4.485659838163096,5.503981602483049,2586.0,7783198.052590874,296897.2500781531,7096228.0,7740504.0,7813108.0,8002280.0,8063756.0,8249096.0,8307208.0,8313263.000000003,8410944.0,2586.0,549443.1554524362,14745.371287649607,406000.0,546000.0,546000.0,546000.0,546000.0,546000.0,602000.0,602000.0,602000.0,2586.0,127307.42459396752,5400.787873170436,84000.0,126000.0,126000.0,126000.0,126000.0,126000.0,147000.0,147000.0,147000.0,2586.0,6931.073859242073,106.71614836658571,6602.0,6909.0,6956.5,6990.0,7037.5,7088.5,7123.5,7125.725000000001,7189.5,2586.0,67401.00541376644,1059.6427239806758,65490.0,67170.0,67800.0,67980.0,68470.0,68920.0,69290.0,69317.00000000001,70010.0,2586.0,8534280.711910287,303246.7634750479,7659030.0,8486776.5,8559079.0,8749787.0,8811006.5,8997104.25,9055621.5,9061705.725000003,9237143.5,2586.0,19653863.099767983,479936.3182852974,18433677.0,19536613.5,19608916.0,19958224.0,20155859.5,20396658.5,20397347.0,20653887.0,21137437.5,2586.0,1.767349036881053,0.01791531869715849,1.7051847457427718,1.7644322731235969,1.771243991969951,1.777229831862449,1.7813497991591454,1.7959993141848287,1.7984826696183074,1.7993191266831798,1.80223568020467
fil/7/storagemarket,3.0,1.0,2547819.0,,2547819.0,2547819.0,2547819.0,2547819.0,2547819.0,2547819.0,2547819.0,2547819.0,2547819.0,1.0,981624.0,,981624.0,981624.0,981624.0,981624.0,981624.0,981624.0,981624.0,981624.0,981624.0,1.0,55290.0,,55290.0,55290.0,55290.0,55290.0,55290.0,55290.0,55290.0,55290.0,55290.0,1.0,11609459.0,,11609459.0,11609459.0,11609459.0,11609459.0,11609459.0,11609459.0,11609459.0,11609459.0,11609459.0,1.0,2519859.0,,2519859.0,2519859.0,2519859.0,2519859.0,2519859.0,2519859.0,2519859.0,2519859.0,2519859.0,1.0,2.0,,2.0,2.0,2.0,2.0,2.0,2.0,2.0,2.0,2.0,1.0,42.0,,42.0,42.0,42.0,42.0,42.0,42.0,42.0,42.0,42.0,1.0,7.0,,7.0,7.0,7.0,7.0,7.0,7.0,7.0,7.0,7.0,1.0,8024.0,,8024.0,8024.0,8024.0,8024.0,8024.0,8024.0,8024.0,8024.0,8024.0,1.0,6928.0,,6928.0,6928.0,6928.0,6928.0,6928.0,6928.0,6928.0,6928.0,6928.0,1.0,1504285.0,,1504285.0,1504285.0,1504285.0,1504285.0,1504285.0,1504285.0,1504285.0,1504285.0,1504285.0,1.0,2.595514168357742,,2.595514168357742,2.595514168357742,2.595514168357742,2.595514168357742,2.595514168357742,2.595514168357742,2.595514168357742,2.595514168357742,2.595514168357742,1.0,0.3852801160521999,,0.3852801160521999,0.3852801160521999,0.3852801160521999,0.3852801160521999,0.3852801160521999,0.3852801160521999,0.3852801160521999,0.3852801160521999,0.3852801160521999,1.0,3.852801160521999,,3.852801160521999,3.852801160521999,3.852801160521999,3.852801160521999,3.852801160521999,3.852801160521999,3.852801160521999,3.852801160521999,3.852801160521999,1.0,10191276.0,,10191276.0,10191276.0,10191276.0,10191276.0,10191276.0,10191276.0,10191276.0,10191276.0,10191276.0,1.0,588000.0,,588000.0,588000.0,588000.0,588000.0,588000.0,588000.0,588000.0,588000.0,588000.0,1.0,147000.0,,147000.0,147000.0,147000.0,147000.0,147000.0,147000.0,147000.0,147000.0,147000.0,1.0,7476.0,,7476.0,7476.0,7476.0,7476.0,7476.0,7476.0,7476.0,7476.0,7476.0,1.0,69280.0,,69280.0,69280.0,69280.0,69280.0,69280.0,69280.0,69280.0,69280.0,69280.0,1.0,11003032.0,,11003032.0,11003032.0,11003032.0,11003032.0,11003032.0,11003032.0,11003032.0,11003032.0,11003032.0,1.0,22612491.0,,22612491.0,22612491.0,22612491.0,22612491.0,22612491.0,22612491.0,22612491.0,22612491.0,22612491.0,1.0,1.9477644048702012,,1.9477644048702012,1.9477644048702012,1.9477644048702012,1.9477644048702012,1.9477644048702012,1.9477644048702012,1.9477644048702012,1.9477644048702012,1.9477644048702012
fil/7/storagemarket,4.0,5265.0,41308143.63418803,47077345.324127406,7146614.0,29520395.0,30243582.8,31978481.799999997,63226675.6,87762243.4,91668506.4,257807491.79999983,267808881.0,5265.0,14865124.97094017,16703938.453874262,2626785.0,10589660.0,10861359.6,11623581.2,22485883.2,31246357.400000002,32671260.2,91746310.35999992,109314972.0,5265.0,55605.45166191833,22095.32276152083,46849.0,54068.0,54687.8,55775.2,57340.8,58742.6,59668.200000000004,64988.79999999998,1244614.0,5265.0,251315631.48167142,274365830.49312717,34637569.0,156836466.0,187396296.20000002,275371406.6,469379174.2,492401570.2,647158705.4,1388702922.28,1452693394.0,5265.0,113885695.28015195,127958817.60910302,11221969.0,55946757.0,70218801.80000003,174823195.2,180284412.8,257279053.80000004,425600237.0,551014805.92,595072994.0,5265.0,16.595631528964862,19.08244838944772,4.0,12.0,12.0,12.0,24.0,34.0,34.0,104.0,104.0,5265.0,776.3603038936373,947.8329610717981,133.0,545.0,555.0,567.0,1177.0,1701.0,1723.0,5045.0,5435.0,5265.0,160.51073124406457,185.1604124854009,30.0,115.0,118.0,122.0,241.0,348.0,355.0,988.0,1091.0,5265.0,148469.47616334283,157905.9620195807,31131.0,110524.0,113500.2,117743.59999999998,227299.4,316064.4,325760.60000000003,841142.0,863711.0,5265.0,106268.97625830959,122362.24924606386,18171.0,76485.0,78639.4,81416.59999999999,166609.0,233168.80000000002,240439.0,647626.6799999999,666390.0,5265.0,24007279.673884142,25915326.05190054,3681603.0,15080890.0,17562104.400000002,24337351.4,43504069.0,47148207.8,56922739.2,133763495.43999998,319216584.0,5265.0,2.735564082897671,0.09074241884445257,0.6293403875686162,2.7620629802324648,2.7805936501384156,2.7984963865888033,2.8130149529681554,2.8257252430288857,2.8348525249606342,2.849731281471713,2.8738993847331047,5265.0,0.3661184555572255,0.02092984186400768,0.3479592936733478,0.36204822524207486,0.3659366842254499,0.3708646029700283,0.3775302637609432,0.3836751860431241,0.38658514318855586,0.3947199997301176,1.5889652400402656,5265.0,3.6611845555722553,0.20929841864007676,3.479592936733478,3.6204822524207487,3.659366842254499,3.708646029700283,3.775302637609432,3.836751860431241,3.8658514318855586,3.947199997301176,15.889652400402657,5265.0,165232574.53675213,188309381.29650962,28586456.0,118081580.0,120974331.2,127913927.19999999,252906702.4,351048973.6,366674025.6,1031229967.1999993,1071235524.0,5265.0,10869044.25451092,13269661.45500517,1862000.0,7630000.0,7770000.0,7938000.0,16478000.0,23814000.0,24122000.0,70630000.0,76090000.0,5265.0,3370725.356125356,3888368.6621934194,630000.0,2415000.0,2478000.0,2562000.0,5061000.0,7308000.0,7455000.0,20748000.0,22911000.0,5265.0,127369.22621082621,140128.66164026936,24678.0,93651.5,96111.1,99498.59999999999,196844.59999999998,274600.8,283116.7,744579.6799999999,764077.0,5265.0,1062689.7625830958,1223622.4924606388,181710.0,764850.0,786394.0,814166.0,1666090.0,2331688.0,2404390.0,6476266.799999999,6663900.0,5265.0,180662403.13618234,206817563.25485346,31285384.0,129025005.0,132086845.3,139242776.69999996,276140387.9,384898535.5,400855335.5,1128900053.1999993,1177624365.5,5265.0,431978034.61785376,476844103.7056903,65922953.0,288570649.0,339742341.4,404653981.29999995,843094881.6999999,888783311.4,929103138.6,2511917888.3399987,2630317759.5,5265.0,1.8005507375966434,0.18923370283464913,1.4211709915038262,1.8368075166959354,1.8469561123478244,1.8859387001465058,1.9650495975579134,2.032417935906177,2.058474275146175,2.0982312666661773,2.1662459405147407
fil/7/storageminer,0.0,22.0,0.0,0.0,0.0,0.0,0.0,0.0,0.0,0.0,0.0,0.0,0.0,22.0,0.0,0.0,0.0,0.0,0.0,0.0,0.0,0.0,0.0,0.0,0.0,0.0,,,,,,,,,,,,22.0,440636.1818181818,33021.16761749214,417768.0,419718.0,420368.0,454037.99999999994,488228.0,493168.0,495638.0,495768.0,495768.0,22.0,255268.0,0.0,255268.0,255268.0,255268.0,255268.0,255268.0,255268.0,255268.0,255268.0,255268.0,22.0,0.0,0.0,0.0,0.0,0.0,0.0,0.0,0.0,0.0,0.0,0.0,22.0,0.0,0.0,0.0,0.0,0.0,0.0,0.0,0.0,0.0,0.0,0.0,22.0,0.0,0.0,0.0,0.0,0.0,0.0,0.0,0.0,0.0,0.0,0.0,22.0,0.0,0.0,0.0,0.0,0.0,0.0,0.0,0.0,0.0,0.0,0.0,22.0,0.0,0.0,0.0,0.0,0.0,0.0,0.0,0.0,0.0,0.0,0.0,22.0,336459.5909090909,230025.92715639257,168491.0,263010.5,286093.2,312921.5,363214.0,514141.70000000036,720541.9499999998,1098418.9299999997,1196209.0,0.0,,,,,,,,,,,,0.0,,,,,,,,,,,,0.0,,,,,,,,,,,,22.0,0.0,0.0,0.0,0.0,0.0,0.0,0.0,0.0,0.0,0.0,0.0,22.0,0.0,0.0,0.0,0.0,0.0,0.0,0.0,0.0,0.0,0.0,0.0,22.0,0.0,0.0,0.0,0.0,0.0,0.0,0.0,0.0,0.0,0.0,0.0,22.0,0.0,0.0,0.0,0.0,0.0,0.0,0.0,0.0,0.0,0.0,0.0,22.0,0.0,0.0,0.0,0.0,0.0,0.0,0.0,0.0,0.0,0.0,0.0,22.0,0.0,0.0,0.0,0.0,0.0,0.0,0.0,0.0,0.0,0.0,0.0,22.0,440636.1818181818,33021.16761749214,417768.0,419718.0,420368.0,454037.99999999994,488228.0,493168.0,495638.0,495768.0,495768.0,22.0,1.0,0.0,1.0,1.0,1.0,1.0,1.0,1.0,1.0,1.0,1.0
fil/7/storageminer,3.0,33.0,155644.75757575757,8118.950063086602,142360.0,153981.0,155363.8,157182.4,158925.6,168307.0,168307.0,177140.88,181298.0,33.0,135078.51515151514,6664.839786714739,113800.0,134731.0,135386.0,135919.0,137579.2,143891.6,146541.8,148841.08,149835.0,33.0,51022.606060606064,2056.3994161427204,44895.0,50982.0,51473.2,52351.0,52755.6,53232.0,53557.4,54898.64,55370.0,33.0,1922906.0,84549.98521584732,1844906.0,1900806.0,1911466.0,1925246.0,1942146.0,2091906.0,2093206.0,2131218.0,2149106.0,33.0,1137706.0,0.0,1137706.0,1137706.0,1137706.0,1137706.0,1137706.0,1137706.0,1137706.0,1137706.0,1137706.0,33.0,2.0,0.0,2.0,2.0,2.0,2.0,2.0,2.0,2.0,2.0,2.0,33.0,30.454545454545453,3.279585616839697,29.0,29.0,29.0,29.0,29.0,38.0,38.0,38.0,38.0,33.0,3.0,0.0,3.0,3.0,3.0,3.0,3.0,3.0,3.0,3.0,3.0,33.0,460.42424242424244,16.460236752227893,435.0,462.0,465.8,470.0,471.0,478.8,483.59999999999997,495.8,499.0,33.0,586.4242424242424,64.85755078585218,532.0,568.0,577.2,581.8,592.8,721.0,721.0,750.24,764.0,33.0,904778.7272727273,268073.9106108697,553074.0,801927.0,948895.7999999999,1034278.5999999999,1162111.4,1294788.4,1322906.0,1470900.5999999999,1527931.0,33.0,1.1544731230103906,0.07852324032914089,1.0620873513423448,1.1470602266763898,1.1516680055536168,1.1626844637920766,1.1718569398475833,1.181684333723652,1.2454550331707803,1.4505753873348477,1.506936305679542,33.0,0.8694746153061634,0.05007427140053505,0.6635980540325872,0.8717938053675723,0.8820231490610585,0.8871258031715726,0.8908032388898536,0.9129998807434616,0.9313824107895478,0.9390921520685767,0.9415421422128094,33.0,8.694746153061635,0.5007427140053505,6.635980540325872,8.717938053675724,8.820231490610585,8.871258031715728,8.908032388898535,9.129998807434616,9.313824107895478,9.390921520685767,9.415421422128095,33.0,622579.0303030303,32475.80025234641,569440.0,615924.0,621455.2,628729.6,635702.4,673228.0,673228.0,708563.52,725192.0,33.0,426363.63636363635,45914.19863575576,406000.0,406000.0,406000.0,406000.0,406000.0,532000.0,532000.0,532000.0,532000.0,33.0,63000.0,0.0,63000.0,63000.0,63000.0,63000.0,63000.0,63000.0,63000.0,63000.0,63000.0,33.0,523.4242424242424,32.187954174495054,491.5,515.0,519.9,524.4,532.6,580.5,580.5,611.78,626.5,33.0,5864.242424242424,648.5755078585217,5320.0,5680.0,5772.0,5818.0,5928.0,7210.0,7210.0,7502.4,7640.0,33.0,1118330.3333333333,74873.49115744614,1044411.5,1091928.0,1102783.4,1104921.6,1112966.2,1276018.5,1276018.5,1311677.7,1328458.5,33.0,3041236.3333333335,156295.43728338383,2911417.5,2984946.0,3001525.2,3021368.7,3051762.3,3367924.5,3369224.5,3442895.7,3477564.5,33.0,1.5811855873396292,0.01756393579462766,1.550433849584318,1.5766627660253092,1.5874957875956104,1.5887725085505373,1.594206698636717,1.6096000584748944,1.60997889006485,1.6155316459977995,1.6181447076133053
fil/7/storageminer,4.0,56.0,127615.75,6780.234727097983,111922.0,128751.0,129325.0,132139.0,132696.0,135346.5,135370.0,140743.5,141629.0,56.0,83418.14285714286,23950.587991589207,69921.0,75320.5,77274.0,78618.0,82134.0,90746.0,154840.5,161382.55000000005,167586.0,56.0,67330.19642857143,23602.33376474734,52801.0,60690.5,61186.0,61973.0,62499.0,70008.5,137684.25,152788.7,157500.0,56.0,1755925.857142857,20992.421638147567,1706433.0,1755833.0,1763633.0,1770133.0,1771433.0,1781833.0,1781833.0,1792428.0,1797433.0,56.0,999233.0,0.0,999233.0,999233.0,999233.0,999233.0,999233.0,999233.0,999233.0,999233.0,999233.0,56.0,1.0,0.0,1.0,1.0,1.0,1.0,1.0,1.0,1.0,1.0,1.0,56.0,15.0,0.0,15.0,15.0,15.0,15.0,15.0,15.0,15.0,15.0,15.0,56.0,2.0,0.0,2.0,2.0,2.0,2.0,2.0,2.0,2.0,2.0,2.0,56.0,423.67857142857144,15.53191101378899,388.0,423.0,428.0,434.0,435.0,443.0,443.0,451.6,456.0,56.0,464.67857142857144,15.53191101378899,429.0,464.0,469.0,475.0,476.0,484.0,484.0,492.6,497.0,56.0,535397.375,260433.4582904964,140738.0,452491.5,462101.0,524213.5,699843.0,885507.0,1063017.25,1303906.7500000012,1522309.0,56.0,1.599246131826978,0.25813787090071477,0.7716933395391024,1.6765601003218635,1.6858489956726732,1.6990194586339296,1.7210399679187274,1.736086603492892,1.8516548322773707,1.9374240802444709,1.9562827188971919,56.0,0.6526397027068993,0.17547160066612671,0.5111735590874751,0.5964595476057807,0.6059074790457769,0.6193657484159925,0.6272403995639821,0.703028613601797,1.1581339703104216,1.246611207927547,1.2958515368258263,56.0,6.5263970270689935,1.754716006661267,5.111735590874751,5.9645954760578075,6.059074790457769,6.193657484159924,6.272403995639822,7.0302861360179705,11.581339703104216,12.46611207927547,12.958515368258263,56.0,510463.0,27120.93890839193,447688.0,515004.0,517300.0,528556.0,530784.0,541386.0,541480.0,562974.0,566516.0,56.0,210000.0,0.0,210000.0,210000.0,210000.0,210000.0,210000.0,210000.0,210000.0,210000.0,210000.0,56.0,42000.0,0.0,42000.0,42000.0,42000.0,42000.0,42000.0,42000.0,42000.0,42000.0,42000.0,56.0,444.17857142857144,15.53191101378899,408.5,443.5,448.5,454.5,455.5,463.5,463.5,472.1,476.5,56.0,4646.785714285715,155.3191101378899,4290.0,4640.0,4690.0,4750.0,4760.0,4840.0,4840.0,4926.0,4970.0,56.0,767553.9642857143,27288.102105939062,704386.5,772076.5,774383.5,785799.0,787988.5,798689.5,798783.5,820372.1,823962.5,56.0,2523479.8214285714,48041.34967527534,2410819.5,2528831.5,2534763.5,2556110.5,2559944.5,2580522.5,2580616.5,2612800.1,2621395.5,56.0,1.4370039340647764,0.010532851522238512,1.412468752433782,1.440333481669144,1.4405786162953949,1.4430589130590217,1.4451577932279664,1.4482931340928134,1.4483570046129535,1.4576859612994095,1.45841068902151
fil/7/storageminer,5.0,217040.0,8735198.632938629,26293443.699953176,76343.0,4525609.0,6293130.6,8575814.699999997,11659637.0,16496747.0,21643097.75,60256163.289999954,1574839337.0,217040.0,1923220.3407805013,7090094.796766273,45802.0,1079245.0,1391906.0,1778896.1999999997,2290922.0000000005,3100994.9000000004,3982987.949999997,10937534.65999996,440394045.0,217040.0,65999.70439550313,144266.71242090658,50646.0,62879.0,63451.0,64112.0,65094.0,67238.0,70474.0,147871.24999999965,59869248.0,217040.0,14284791.837214338,25265985.570038546,757353.0,10469939.0,11942797.0,13963039.0,16676308.4,20166858.0,24492034.2,36651285.33999988,1357954865.0,217040.0,6004588.183956875,24008047.817119468,291953.0,3789197.0,3789197.0,4611094.0,4830539.0,5871881.0,6913223.0,13056447.0,1331520665.0,217040.0,1.0223783634353114,0.14791103097963273,1.0,1.0,1.0,1.0,1.0,1.0,1.0,2.0,2.0,217040.0,61.89179413932916,75.0645253967463,12.0,51.0,51.0,57.0,65.0,79.0,93.0,151.0,5051.0,217040.0,19.230814596387763,35.29644264762978,2.0,15.0,15.0,16.0,20.0,27.0,33.0,47.0,2494.0,217040.0,11201.584597309251,92615.08744620827,380.0,5460.0,6661.0,8248.0,10008.0,12812.0,16160.049999999988,25495.0,6969085.0,217040.0,6251.252128639882,3791.539951703541,242.0,4607.0,5657.0,7039.0,8706.200000000012,11339.0,14232.0,18180.609999999986,71187.0,217040.0,2797536.934426834,10028676.970880916,144645.0,1726969.5,1996593.0,2360514.9999999995,2867861.2000000007,3757841.0,4958728.59999999,13377928.319999855,734338650.0,217040.0,4.134261384250598,0.9277726232751138,0.1721923213048833,4.181483370195167,4.5131108397246855,4.809765513432573,5.079220556619047,5.352669600886996,5.522301644419147,5.711026367436401,6.2437209090879895,217040.0,0.2557264395682382,0.06553302385228885,0.1601609063826763,0.2391495819831598,0.2619515401383638,0.28886419485232373,0.3145811133715419,0.34780872459742507,0.37370128425739396,0.41148512372092444,5.8074598938091,217040.0,2.5572643956823824,0.6553302385228885,1.601609063826763,2.391495819831598,2.6195154013836377,2.8886419485232375,3.145811133715419,3.4780872459742507,3.7370128425739395,4.114851237209245,58.074598938091,217040.0,34940794.531754516,105173774.7998127,305372.0,18102436.0,25172522.4,34303258.79999999,46638548.0,65986988.0,86572391.0,241024653.15999982,6299357348.0,217040.0,866485.1179506081,1050903.3555544484,168000.0,714000.0,714000.0,798000.0,910000.0,1106000.0,1302000.0,2114000.0,70714000.0,217040.0,403847.106524143,741225.2956002255,42000.0,315000.0,315000.0,336000.0,420000.0,567000.0,693000.0,987000.0,52374000.0,217040.0,8726.418362974568,46637.71679644423,311.0,5027.5,6169.5,7645.0,9362.5,12118.0,15286.0,22915.024999999965,3495779.5,217040.0,62512.52128639882,37915.39951703541,2420.0,46070.0,56570.0,70390.0,87062.00000000012,113390.0,142320.0,181806.09999999986,711870.0,217040.0,36282365.69587864,106889566.2688894,518118.0,19288973.0,26412977.4,35566279.499999985,47970533.0,67491393.5,88057925.425,244152787.5,6426165867.5,217040.0,50567157.533092976,129615886.7821627,1277248.0,29928389.5,38593441.0,49359013.64999998,64280830.60000001,87800703.9,112949545.77499995,278422165.14999926,7276968167.5,217040.0,3.0625975071483214,1.284676077052096,1.0842608692973372,2.7946535755823723,3.1709485094832095,3.55101900878805,3.954638061091479,4.47275545978662,5.219714821117367,7.85453814113021,15.24397402843176
fil/7/storageminer,6.0,1185718.0,10204573.433426835,14456855.993713096,0.0,4621880.5,5459653.399999999,7699269.899999995,13642282.60000002,21536641.500000004,37493094.2,80095149.08000001,104846717.0,1185718.0,2207684.096475722,2337457.0863665096,0.0,1349474.5,1481789.2,1808952.0,2743205.000000003,4135019.3,6588365.199999999,13518620.47,77965403.0,1185681.0,47919.77778002684,36363.699408837456,40847.0,47102.0,47597.0,48245.0,49290.0,50763.0,52233.0,57633.0,20985095.0,1185718.0,15743344.532086888,6450247.118844885,301919.0,13741455.0,14483626.999999993,15619755.0,18560555.0,24676855.0,28296255.0,42396055.0,55832855.0,1185718.0,4380610.1336886175,291412.4304144438,62719.0,4342455.0,4342455.0,4342455.0,4668595.0,4783212.0,4810712.0,5026513.0,8597351.0,1185718.0,3.041917218090642,0.20942594506185072,0.0,3.0,3.0,3.0,3.0,3.0,3.0,4.0,4.0,1185718.0,69.15849468423352,5.944446889926645,0.0,68.0,68.0,68.0,70.0,72.0,72.0,95.0,161.0,1185718.0,12.20775513233332,1.3556623215954555,0.0,12.0,12.0,12.0,12.0,13.0,13.0,18.0,52.0,1185718.0,9685.720098708125,5043.581025545279,0.0,7954.0,8574.0,9827.0,12647.0,16538.0,19019.0,29843.0,139483.0,1185718.0,8917.964334690036,4939.152628826296,0.0,7359.0,7900.0,8740.0,11023.0,15785.0,18561.0,29414.0,39783.0,1185718.0,2548788.3182577984,2353120.8814724083,83750.0,1700739.0,1864292.7999999996,2190263.0,3107475.400000001,4461301.7,6893911.6499999985,13844968.770000001,102272408.0,1185681.0,3.83155230773792,0.9796837681525897,0.10827743492318115,3.536123300761625,3.8428699294744164,4.229658938441498,4.912468200601684,5.381110560553797,5.721678345838441,5.970128264272093,6.179551063910206,1185681.0,0.27730148391387105,0.0676580458596486,0.1618240531808527,0.2827955687474517,0.3008784559997066,0.32107146417426663,0.3403521897846202,0.361852332627813,0.37117692405197544,0.38825469085565095,9.235534631102622,1185681.0,2.7730148391387104,0.6765804585964861,1.618240531808527,2.827955687474517,3.008784559997066,3.2107146417426664,3.403521897846202,3.6185233262781304,3.7117692405197547,3.8825469085565096,92.35534631102622,1185718.0,40818293.73370734,57827423.97485238,0.0,18487522.0,21838613.599999998,30797079.59999998,54569130.40000008,86146566.00000001,149972376.8,320380596.32000005,419386868.0,1185718.0,968218.9255792693,83222.25645897308,0.0,952000.0,952000.0,952000.0,980000.0,1008000.0,1008000.0,1330000.0,2254000.0,1185718.0,256362.85777899972,28468.908753504566,0.0,252000.0,252000.0,252000.0,252000.0,273000.0,273000.0,378000.0,1092000.0,1185718.0,9301.84221669908,4913.449251058724,0.0,7749.0,8360.0,9429.5,11464.5,16047.0,18775.5,29627.5,74011.0,1185718.0,89179.64334690035,49391.526288262954,0.0,73590.0,79000.0,87400.0,110230.0,157850.0,185610.0,294140.0,397830.0,1185718.0,42141357.002629206,57873359.41686372,0.0,19868651.75,23168624.0,32117265.04999998,55859231.40000027,87524693.05000001,151379013.775,321911492.32000005,421028682.5,1185718.0,57884701.5347161,64060736.44130496,335919.0,33593786.5,37303189.0,46857982.6,72455034.60000001,111511861.45000002,179449550.45,364239625.005,476861537.5,1185718.0,3.122825812347834,1.4799786656706866,1.0,2.4891849641810113,2.660720480395153,3.119869193036156,4.095753136946605,5.08775186923511,6.484390167150787,8.728160893031799,9.688604136012701
fil/7/storageminer,7.0,1053752.0,2900850.975853901,558269.4695043034,0.0,2882896.5,3030455.0,3188589.0,3370313.8,3616497.1,3824977.4999999995,4268266.859999999,17816540.0,1053752.0,1113142.8939949817,196638.21704883425,0.0,1107155.0,1158735.6,1213455.0,1276308.8,1361028.0,1430147.7999999998,1569036.47,24558615.0,1053719.0,53508.05617436907,56855.90101387492,46438.0,52640.0,53174.0,53796.0,54613.0,55836.0,56888.0,59416.0,34980885.0,1053752.0,52218701.981703475,9374486.025642842,2759119.0,48936868.0,50447268.0,53081268.0,57495025.0,65553663.300000004,73787932.65,85437972.66999999,92838205.0,1053752.0,37253259.703859165,3289191.7886057566,90219.0,37508568.0,37508568.0,37623185.0,37949325.0,37976825.0,38063942.0,38445082.0,41634780.0,1053752.0,2.999902254040799,0.017012719900667432,0.0,3.0,3.0,3.0,3.0,3.0,3.0,3.0,3.0,1053752.0,72.81121838914659,3.736749610410225,0.0,73.0,73.0,73.0,77.0,77.0,79.0,83.0,145.0,1053752.0,14.63515324288827,1.6397300523539933,0.0,15.0,15.0,15.0,16.0,16.0,17.0,20.0,51.0,1053752.0,20858.3884955853,14026.829120433233,0.0,15691.0,18770.0,22481.0,28381.0,40120.0,52401.0,73407.48999999999,141373.0,1053752.0,15515.667586870535,7275.050852753899,0.0,12885.0,13948.0,15931.0,19413.0,25800.0,32294.0,41603.0,45818.0,1053752.0,1584977.0011710536,3123940.8513173475,9428.0,1564369.5,1619615.0,1680090.0,1753701.0,1859542.0,1949283.45,2175663.29,2979552359.0,1053719.0,2.5977662447206087,0.09083867026964733,0.11469168604541724,2.603764266235734,2.6192611575420317,2.6358732770243254,2.6583956864438707,2.699177150154838,2.7342428239160412,2.8055530809459097,3.2041458552246698,1053719.0,0.3855020734844631,0.02177537899754927,0.31209565518667115,0.3840593455281194,0.3865863600206605,0.38982986448187673,0.39417358125151275,0.4007773078004002,0.4069221060495841,0.42414589721464946,8.719027808205782,1053719.0,3.8550207348446337,0.21775378997549272,3.1209565518667115,3.840593455281194,3.865863600206605,3.8982986448187673,3.9417358125151276,4.007773078004003,4.069221060495842,4.241458972146495,87.19027808205782,1053752.0,11603403.903415604,2233077.8780172137,0.0,11531586.0,12121820.0,12754356.0,13481255.2,14465988.4,15299909.999999998,17073067.439999998,71266160.0,1053752.0,1019357.0574480523,52314.49454574315,0.0,1022000.0,1022000.0,1022000.0,1078000.0,1078000.0,1106000.0,1162000.0,2030000.0,1053752.0,307338.21810065367,34434.33109943385,0.0,315000.0,315000.0,315000.0,336000.0,336000.0,357000.0,420000.0,1071000.0,1053752.0,18187.028041227917,10559.624393684675,0.0,14256.0,16393.5,19247.5,23932.0,33205.5,42076.72499999998,57095.5,76217.5,1053752.0,155156.67586870535,72750.508527539,0.0,128850.0,139480.0,159310.0,194130.0,258000.0,322940.0,416030.0,458180.0,1053752.0,13103442.882874243,2310581.702646793,0.0,13023878.75,13629219.8,14281400.2,15031618.8,16060568.55,16950516.675,18827163.395,74553997.5,1053752.0,65322144.86457772,10709175.01702542,2759119.0,62072363.0,64138457.6,66994027.949999996,71603156.30000001,80459562.80000001,89151232.75,102002577.82499999,124322877.5,1053752.0,1.2540594568637022,0.04338576393792536,1.0,1.2512064441026916,1.2620726688019899,1.2745053138343707,1.289751640707315,1.310614091897534,1.326975994790257,1.3638658286772383,3.0204957824249963
fil/7/storageminer,8.0,30.0,990654852.7666667,1418017105.87891,2692751.0,7517278.5,16480803.799999993,2555759742.8999996,2799332201.6,2913957157.9000006,3362539064.7999997,3448846959.55,3464917804.0,30.0,269784710.26666665,387102124.25440365,937970.0,1952177.0,4136254.7999999975,692443938.6999999,744941140.0,801146841.7000002,937685257.0999999,967095584.23,973789716.0,30.0,545984.6666666666,786107.9573049938,59624.0,65970.5,68715.4,881366.0999999999,986755.6,2032029.5000000002,2265465.9,2506806.0700000003,2600684.0,30.0,1785887832.8333333,2658893595.9132752,18818271.0,28319077.5,46428410.59999999,3815735217.1,3925896938.0,6610640449.800001,7164908573.9,7727109534.18,7953731704.0,30.0,298995976.1666667,434069083.62194264,8262111.0,11415504.0,21093740.39999999,523928340.8999999,543555075.8000001,1096800559.8,1174269113.8999996,1367483924.18,1423600304.0,30.0,1.0,0.0,1.0,1.0,1.0,1.0,1.0,1.0,1.0,1.0,1.0,30.0,26253.433333333334,37340.511141694195,80.0,135.5,348.1999999999997,64504.599999999955,79540.6,79743.6,80211.05,84059.43000000001,85519.0,30.0,643.8333333333334,935.5704910257488,15.0,25.0,50.199999999999996,1145.2,1183.2,2346.4,2527.6999999999994,2944.9400000000005,3065.0,30.0,1139405.4,1720156.5974765725,6598.0,13112.5,18954.999999999996,2515339.8,2590557.6,4222160.2,4605112.6,4904464.430000001,5011194.0,30.0,1143645.5666666667,1725483.2210243796,6916.0,13283.5,19398.999999999996,2523960.4,2604985.2,4233007.7,4616343.8,4915918.140000001,5023054.0,30.0,301619892.23333335,432448259.9866444,1627340.0,3593240.0,5092923.199999997,732954285.4999998,852916568.0,898701367.2000002,1019339371.3499999,1105880614.6200001,1133535891.0,30.0,3.5156975508950206,0.3638150570853458,2.8708284913163533,3.585963006027314,3.695665256579285,3.7611407126477685,3.843553223170189,3.8704754550317615,4.031315812439663,4.130010677120269,4.165469937642444,30.0,0.28749896638757205,0.03072164399449791,0.24006895139566795,0.2788651210861075,0.2893018725676909,0.3045301550501338,0.3248502023915258,0.3285895641988461,0.3352399620350974,0.34554118136210493,0.3483315018729916,30.0,2.874989663875719,0.30721643994497916,2.4006895139566793,2.788651210861075,2.893018725676909,3.045301550501338,3.248502023915258,3.285895641988461,3.3523996203509743,3.455411813621049,3.483315018729916,30.0,3962619411.0666666,5672068423.51564,10771004.0,30069114.0,65923215.19999997,10223038971.599998,11197328806.4,11655828631.600002,13450156259.199999,13795387838.2,13859671216.0,30.0,367548066.6666667,522767155.98371875,1120000.0,1897000.0,4874799.999999996,903064399.9999994,1113568400.0,1116410400.0,1122954700.0,1176832020.0,1197266000.0,30.0,13520500.0,19646980.311540727,315000.0,525000.0,1054200.0,24049200.0,24847200.0,49274400.0,53081699.999999985,61843740.00000001,64365000.0,30.0,1141525.4833333334,1722819.302772981,6757.0,13198.0,19176.999999999996,2519650.0999999996,2597621.4,4227583.95,4610728.2,4910191.285,5017124.0,30.0,11436455.666666666,17254832.210243795,69160.0,132835.0,193989.99999999997,25239603.999999996,26049852.0,42330077.00000001,46163438.0,49159181.400000006,50230540.0,30.0,4356265958.883333,6226629112.528885,12414921.0,32244417.0,70901982.19999996,11344099525.699997,12289890667.0,12828613995.300003,14715629719.999998,15058274435.225,15106087880.0,30.0,6142153791.716666,8813636082.916626,31233192.0,57607162.25,117330392.79999995,15159834742.799997,16307686048.3,19076238417.750004,21880538293.899998,22785383969.405003,23059819584.0,30.0,2.56148294760925,0.8795361903214843,1.65972697491709,2.193520194593801,2.3531744972367123,2.878519824152386,3.2521690927807394,4.1322215001422995,4.158195315798794,4.196685589198927,4.208294345874621
fil/7/storageminer,9.0,104.0,23359593.394230768,33335383.377138074,2853521.0,11081841.5,16217841.199999997,24410072.2,29556974.400000025,49061872.2,57331518.349999994,195029895.10999984,261727592.0,104.0,6042771.673076923,7098332.562764736,925646.0,3301490.5,4617532.2,5275185.9,8032760.4,13409043.9,15696978.2,40094183.46999997,53431854.0,104.0,54637.88461538462,4238.256639914628,47183.0,54256.0,54811.0,55678.299999999996,56477.0,58231.700000000004,60783.1,68169.4,80495.0,104.0,48103627.98076923,49178714.56237301,14199371.0,30916401.0,42488427.8,45206649.0,53109610.400000006,82333227.3,97728153.7,302926144.93999976,414653337.0,104.0,19389277.980769232,19223349.239086047,5939171.0,13537349.0,13537349.0,14792975.499999994,22768409.800000004,34877135.6,37064034.55,115687825.98999992,162202437.0,104.0,4.326923076923077,0.7299728375357232,3.0,4.0,4.0,4.0,5.0,6.0,6.0,6.0,6.0,104.0,244.23076923076923,195.91182040438454,87.0,176.0,176.0,197.5999999999999,299.6000000000001,437.6,459.09999999999997,1197.4599999999994,1644.0,104.0,63.69230769230769,62.53388625813354,20.0,41.0,41.0,49.0,76.20000000000005,123.7,132.85,369.26999999999975,505.0,104.0,59545.846153846156,65246.75150322562,7555.0,33350.5,40946.0,43002.1,63542.40000000006,140806.1,201774.75,319939.38999999984,411169.0,104.0,22424.60576923077,23688.363650436182,6536.0,13807.5,19015.6,24261.399999999998,24857.8,41018.30000000002,49250.049999999996,144660.9499999999,194394.0,104.0,7452288.836538462,8192938.640405303,1546455.0,4711777.5,5979155.8,6260371.2,9666338.000000004,15854446.800000003,18170110.349999998,52108150.24999996,59128040.0,104.0,3.549513777999091,0.6151703843974913,2.656684700249474,3.2790757436409694,3.583891870844918,3.694148928443043,4.098142564786005,4.644389021399105,4.7112158770395105,4.872434049562487,4.8983438231434,104.0,0.28928957878592787,0.04448410295424936,0.20415063460332453,0.3049652337477652,0.3173168758826605,0.32025428121083394,0.3249758600784609,0.3327157098572898,0.3376436342172786,0.36392535143276816,0.3764089882047711,104.0,2.8928957878592794,0.4448410295424936,2.041506346033245,3.0496523374776516,3.173168758826605,3.202542812108339,3.249758600784609,3.3271570985728984,3.376436342172786,3.6392535143276814,3.7640898820477107,104.0,93438373.57692307,133341533.5085523,11414084.0,44327366.0,64871364.79999999,97640288.8,118227897.6000001,196247488.8,229326073.39999998,780119580.4399993,1046910368.0,104.0,3419230.769230769,2742765.4856613837,1218000.0,2464000.0,2464000.0,2766399.9999999986,4194400.000000001,6126400.0,6427399.999999999,16764439.99999999,23016000.0,104.0,1337538.4615384615,1313211.6114208042,420000.0,861000.0,861000.0,1029000.0,1600200.000000001,2597700.0,2789850.0,7754669.999999995,10605000.0,104.0,40985.22596153846,43544.81392041415,7045.5,23851.75,32049.9,33638.05,41078.90000000003,86506.7,126078.075,232260.41999999987,302781.5,104.0,224246.0576923077,236883.63650436184,65360.0,138075.0,190156.0,242613.99999999997,248578.0,410183.0000000001,492500.49999999994,1446609.4999999988,1943940.0,104.0,98460374.09134616,137488540.36360717,13124489.5,48223922.0,70398730.99999999,101243340.05,127594584.1000001,204461212.9,238741923.25,806172744.6599994,1082778089.5,104.0,146564002.0721154,186092472.60637745,27323860.5,82113225.25,115345332.89999999,146638929.4,186883609.9,294737331.40000004,336147597.775,1108397933.824999,1497431426.5,104.0,2.7739997851315508,0.7078355684366275,1.9243007665621246,2.470266910740561,2.830244663689334,3.2404111105220954,3.3189408562455607,3.4852405012706624,3.7200531278250577,5.5855378484119305,5.639734092023349
fil/7/storageminer,11.0,1615.0,50650077.945510834,98348579.95387614,922872.0,8984258.0,14735889.799999999,34337998.79999998,96353366.80000001,126134638.00000001,204695745.89999995,496112881.6999989,940600612.0,1615.0,13530932.7374613,26973477.11958873,374351.0,1901104.0,3097144.8,8333236.799999999,26494733.80000001,34454885.80000001,55516520.89999998,133508055.39999987,258533045.0,1615.0,102614.93126934985,103856.62726398431,52710.0,64894.0,67066.0,77480.0,137936.2,169170.6,247208.29999999973,544874.4799999995,1460132.0,1615.0,17384277.80866873,20257422.882127266,6105498.0,11990178.0,14606629.399999999,17380081.999999996,21022769.2,26270023.200000007,52271949.8,108268034.63999967,333418875.0,1615.0,9378625.858204335,17705913.76752666,2279598.0,2967300.0,3311151.0,6749661.0,12961902.400000006,18623982.200000014,35094445.099999994,84838223.09999995,309567775.0,1615.0,1.0,0.0,1.0,1.0,1.0,1.0,1.0,1.0,1.0,1.0,1.0,1615.0,157.23343653250774,309.1198752432477,34.0,46.0,50.0,112.0,220.4000000000001,319.2000000000003,606.5999999999999,1474.599999999999,5396.0,1615.0,68.46315789473684,154.60015493045168,7.0,12.0,15.0,46.0,100.0,149.60000000000014,293.29999999999995,727.2999999999995,2688.0,1615.0,159356.23900928794,353285.24370869336,3502.0,16359.0,23761.199999999997,112542.79999999983,270830.00000000006,375410.60000000003,708490.9999999998,1800091.8399999999,4022415.0,1615.0,6039.349226006192,4180.456869330186,2828.0,3967.0,4786.599999999999,6274.0,8434.600000000002,13636.0,15837.999999999998,18035.0,28297.0,1615.0,19126037.055727553,40090504.27094761,497518.0,2772612.0,4240071.4,10549208.199999997,33583336.6,48893370.6,71813682.09999995,204270045.37999994,416684305.0,1615.0,4.046840130195484,0.7860724753166349,2.4652585407812455,3.6971671738030385,3.8058160275867166,4.322719018696632,4.826278657878687,5.310845311862389,5.667145977257319,6.049350122610457,6.240717905438297,1615.0,0.25550779133987167,0.04412372648015499,0.16023797504588028,0.27047735549684765,0.27371322087745326,0.27665250399086916,0.2844812882850714,0.30733369302487346,0.32220661372486525,0.34489324617727574,0.40563696807357896,1615.0,2.555077913398717,0.44123726480154984,1.6023797504588027,2.7047735549684764,2.7371322087745327,2.7665250399086916,2.844812882850714,3.0733369302487348,3.2220661372486523,3.4489324617727575,4.05636968073579,1615.0,202600311.78204334,393394319.81550455,3691488.0,35937032.0,58943559.199999996,137351995.19999993,385413467.20000005,504538552.00000006,818782983.5999998,1984451526.7999957,3762402448.0,1615.0,2201268.1114551085,4327678.253405468,476000.0,644000.0,700000.0,1568000.0,3085600.0000000014,4468800.000000004,8492399.999999998,20644399.999999985,75544000.0,1615.0,1437726.3157894737,3246603.2535394854,147000.0,252000.0,315000.0,966000.0,2100000.0,3141600.000000003,6159299.999999999,15273299.999999989,56448000.0,1615.0,82697.79411764706,177376.35152757997,3208.5,12656.0,17481.699999999997,57878.39999999992,137106.90000000002,189901.0,359821.39999999997,908499.52,2021723.0,1615.0,60393.49226006192,41804.568693301866,28280.0,39670.0,47865.99999999999,62740.0,84346.00000000001,136360.0,158379.99999999997,180350.0,282970.0,1615.0,206382397.49566564,400230473.02554554,4346026.5,36848151.0,60257021.5,138723529.0,390707926.40000004,511867163.00000006,832290642.9999998,2010251303.9399972,3841648481.0,1615.0,223766675.30433437,417849908.000692,10456724.5,49380451.5,75358129.89999999,157136408.2,407604727.1,536195865.40000015,909680332.4499998,2094319346.559999,4050112282.0,1615.0,8.670368309422342,8.066618707539932,1.7112160509323158,3.9124730699860786,4.886204414514191,10.96614304776583,17.875768815272203,23.55604103098528,24.2148853006738,27.843825460312093,33.30957867840123
fil/7/storageminer,16.0,1310.0,2637402.964885496,289198.38449189154,128109.0,2649349.0,2657233.2,2677641.7,2690077.4,2698835.4,2707195.0,3446623.19,3527074.0,1310.0,844387.2175572519,96675.82569703746,81855.0,842992.5,846167.0,849063.7,853027.2,859527.1000000001,929179.45,1165168.4300000002,1219637.0,1310.0,59432.375572519086,6135.782604693041,50767.0,58847.0,59568.0,60475.0,61371.0,62529.1,63652.0,73689.71000000006,187798.0,1310.0,9476656.00610687,823069.0534462575,1461298.0,9492955.0,9591495.0,9715255.0,9816655.0,9885555.0,9932485.0,11144119.0,11210536.0,1310.0,1374182.7236641222,205901.3893740335,861998.0,1330255.0,1330255.0,1330255.0,1330255.0,1330255.0,1330255.0,2280836.0,2280836.0,1310.0,1.048091603053435,0.21404152194159737,1.0,1.0,1.0,1.0,1.0,1.0,1.0,2.0,2.0,1310.0,26.235114503816796,5.573975374592683,21.0,25.0,25.0,25.0,25.0,25.0,25.0,51.0,51.0,1310.0,3.236641221374046,1.0728403507335054,2.0,3.0,3.0,3.0,3.0,3.0,3.0,8.0,8.0,1310.0,6374.987786259542,1161.1061905761158,404.0,6207.0,6286.4,6374.0,6457.0,6515.0,6550.55,11146.29,11249.0,1310.0,6108.390076335878,583.6994787477927,346.0,6147.0,6218.0,6320.0,6395.2,6443.1,6474.0,6723.91,6775.0,1310.0,1318802.1732824428,248237.6190962548,458884.0,1243418.5,1272264.0,1415208.0,1515170.0,1605613.0,1693168.0,1919330.9600000007,5741157.0,1310.0,3.1192220337047716,0.11984951693003326,1.473228455116263,3.13802096818315,3.1491685495825257,3.1587704343147442,3.170909889163302,3.1861405607011584,3.2015179323485867,3.2197034987914104,3.2434609384375377,1310.0,0.32138077486934485,0.021232416859712274,0.3083126385612422,0.3186721855343069,0.3197618702354898,0.3210363371618448,0.32268188604080533,0.3278356771118847,0.3355775992622848,0.35159887742636015,0.6787813502564223,1310.0,3.213807748693448,0.21232416859712272,3.083126385612422,3.1867218553430687,3.197618702354898,3.210363371618448,3.226818860408053,3.278356771118847,3.355775992622848,3.515988774263602,6.787813502564223,1310.0,10549611.859541984,1156793.5379675662,512436.0,10597396.0,10628932.8,10710566.8,10760309.6,10795341.6,10828780.0,13786492.76,14108296.0,1310.0,367291.6030534351,78035.65524429757,294000.0,350000.0,350000.0,350000.0,350000.0,350000.0,350000.0,714000.0,714000.0,1310.0,67969.46564885497,22529.647365403613,42000.0,63000.0,63000.0,63000.0,63000.0,63000.0,63000.0,168000.0,168000.0,1310.0,6241.68893129771,789.8930462019043,375.5,6178.5,6249.2,6348.8,6428.6,6487.5,6522.425,8932.460000000001,8996.5,1310.0,61083.900763358775,5836.994787477927,3460.0,61470.0,62180.0,63200.0,63952.0,64431.0,64740.0,67239.1,67750.0,1310.0,11052198.51793893,1223397.1500752803,852281.5,11078083.5,11110257.0,11193218.3,11243684.9,11279460.95,11313037.5,14743519.705,15066575.0,1310.0,20528854.524045803,2019509.7415268759,2314035.0,20569943.25,20687486.7,20908518.25,21065727.2,21164879.5,21244818.55,25779334.27,26217311.0,1310.0,2.1626327011776634,0.057343231660201936,1.582717534141302,2.1615341469898226,2.165197243891594,2.169072727867031,2.1703849682454233,2.171488192303975,2.173423405278615,2.3554667105376277,2.3949788093337725
fil/7/storageminer,18.0,18.0,127672.61111111111,7877.497677778058,111294.0,129040.5,133597.0,133712.2,133772.0,133772.0,134844.19999999998,139704.84,140920.0,18.0,80043.61111111111,19076.025782730496,68789.0,77160.0,77876.4,78634.0,79517.0,81044.0,92496.14999999989,142381.6299999999,154853.0,18.0,73379.16666666667,37138.96589242656,56718.0,61267.0,61461.0,61738.0,63697.4,96291.30000000008,169055.8,180474.36,183329.0,18.0,1721094.111111111,25683.804438936153,1672633.0,1729183.0,1740233.0,1741403.0,1741533.0,1741533.0,1743873.0,1754481.0,1757133.0,18.0,999233.0,0.0,999233.0,999233.0,999233.0,999233.0,999233.0,999233.0,999233.0,999233.0,999233.0,18.0,1.0,0.0,1.0,1.0,1.0,1.0,1.0,1.0,1.0,1.0,1.0,18.0,15.0,0.0,15.0,15.0,15.0,15.0,15.0,15.0,15.0,15.0,15.0,18.0,2.0,0.0,2.0,2.0,2.0,2.0,2.0,2.0,2.0,2.0,2.0,18.0,422.8333333333333,15.244092394799255,384.0,426.0,433.0,433.9,434.0,434.0,435.95,444.78999999999996,447.0,18.0,438.8333333333333,19.281963531939862,404.0,444.5,453.0,453.9,454.0,454.0,455.95,464.78999999999996,467.0,18.0,538717.5555555555,227852.25528249718,409810.0,454916.5,483551.0,486718.7,510705.4,739685.2000000004,1102951.2499999998,1193700.6499999997,1216388.0,18.0,1.6370676546483267,0.19591698727028994,0.8638644391778009,1.6860067644758232,1.6991205967846883,1.7005149843481895,1.7085105426127596,1.7192138672155035,1.7228630217318104,1.7279722018528658,1.7292494968831296,18.0,0.6258593921823893,0.13326052168916994,0.5782855520862901,0.5931180888958038,0.5967104299056645,0.5998908431332276,0.6041866098036972,0.6197457475563487,0.7037187647855251,1.0668149786246581,1.1575890320844422,18.0,6.258593921823892,1.3326052168916993,5.782855520862901,5.931180888958037,5.967104299056644,5.998908431332276,6.041866098036973,6.197457475563487,7.0371876478552515,10.66814978624658,11.575890320844422,18.0,510690.44444444444,31509.99071111223,445176.0,516162.0,534388.0,534848.8,535088.0,535088.0,539376.7999999999,558819.36,563680.0,18.0,210000.0,0.0,210000.0,210000.0,210000.0,210000.0,210000.0,210000.0,210000.0,210000.0,210000.0,18.0,42000.0,0.0,42000.0,42000.0,42000.0,42000.0,42000.0,42000.0,42000.0,42000.0,42000.0,18.0,430.8333333333333,16.948885092605735,394.0,434.5,443.0,443.9,444.0,444.0,445.95,454.78999999999996,457.0,18.0,4388.333333333333,192.81963531939863,4040.0,4445.0,4530.0,4539.0,4540.0,4540.0,4559.5,4647.9,4670.0,18.0,767509.6111111111,31715.161680623743,701610.0,773041.5,791361.0,791831.7,792072.0,792072.0,796382.25,815922.0499999999,820807.0,18.0,2488603.722222222,57093.71661143226,2374243.0,2502224.5,2531594.0,2533234.7,2533605.0,2533605.0,2540255.25,2570403.05,2577940.0,18.0,1.4457812435645974,0.012071203964295504,1.419464401336097,1.447819166666241,1.4547129646767585,1.4547442784960405,1.4548130870905116,1.4548130870905116,1.4566604073424265,1.4650349258177748,1.4671285554366118
fil/7/storageminer,22.0,2.0,117624.0,195.16147160748713,117486.0,117624.0,117651.6,117679.2,117706.8,117734.4,117748.2,117759.24,117762.0,2.0,71938.5,347.18942956259485,71693.0,71938.5,71987.6,72036.7,72085.8,72134.9,72159.45,72179.09,72184.0,2.0,60725.5,382.54476862192223,60455.0,60725.5,60779.6,60833.7,60887.8,60941.9,60968.95,60990.59,60996.0,2.0,1230593.0,0.0,1230593.0,1230593.0,1230593.0,1230593.0,1230593.0,1230593.0,1230593.0,1230593.0,1230593.0,2.0,645593.0,0.0,645593.0,645593.0,645593.0,645593.0,645593.0,645593.0,645593.0,645593.0,645593.0,2.0,1.0,0.0,1.0,1.0,1.0,1.0,1.0,1.0,1.0,1.0,1.0,2.0,14.0,0.0,14.0,14.0,14.0,14.0,14.0,14.0,14.0,14.0,14.0,2.0,2.0,0.0,2.0,2.0,2.0,2.0,2.0,2.0,2.0,2.0,2.0,2.0,408.0,0.0,408.0,408.0,408.0,408.0,408.0,408.0,408.0,408.0,408.0,2.0,334.0,0.0,334.0,334.0,334.0,334.0,334.0,334.0,334.0,334.0,334.0,2.0,429117.0,7254.9155749739775,423987.0,429117.0,430143.0,431169.0,432195.0,433221.0,433734.0,434144.4,434247.0,2.0,1.6350757789852037,0.005178305849996782,1.631414163803613,1.6350757789852037,1.6358081020215218,1.63654042505784,1.6372727480941582,1.6380050711304763,1.6383712326486353,1.6386641618631625,1.6387373941667944,2.0,0.6115955161605385,0.0019369308015384265,0.6102258992560816,0.6115955161605385,0.6118694395414299,0.6121433629223213,0.6124172863032127,0.6126912096841041,0.6128281713745497,0.6129377407269063,0.6129651330649954,2.0,6.1159551616053855,0.01936930801538395,6.102258992560817,6.1159551616053855,6.118694395414299,6.121433629223213,6.124172863032127,6.126912096841041,6.128281713745498,6.129377407269063,6.1296513306499545,2.0,470496.0,780.6458864299485,469944.0,470496.0,470606.4,470716.8,470827.2,470937.6,470992.8,471036.96,471048.0,2.0,196000.0,0.0,196000.0,196000.0,196000.0,196000.0,196000.0,196000.0,196000.0,196000.0,196000.0,2.0,42000.0,0.0,42000.0,42000.0,42000.0,42000.0,42000.0,42000.0,42000.0,42000.0,42000.0,2.0,371.0,0.0,371.0,371.0,371.0,371.0,371.0,371.0,371.0,371.0,371.0,2.0,3340.0,0.0,3340.0,3340.0,3340.0,3340.0,3340.0,3340.0,3340.0,3340.0,3340.0,2.0,712207.0,780.6458864299485,711655.0,712207.0,712317.4,712427.8,712538.2,712648.6,712703.8,712747.96,712759.0,2.0,1942800.0,780.6458864299485,1942248.0,1942800.0,1942910.4,1943020.8,1943131.2,1943241.6,1943296.8,1943340.96,1943352.0,2.0,1.5787510574170338,0.0006343656159509124,1.5783024931882434,1.5787510574170338,1.578840770262792,1.57893048310855,1.5790201959543082,1.5791099088000664,1.5791547652229454,1.5791906503612485,1.5791996216458244
fil/7/storageminer,23.0,37.0,122921.83783783784,3819.6027972196966,110363.0,122312.0,123965.8,125511.0,126249.4,126361.4,126719.4,127813.96,127900.0,37.0,73955.05405405405,3362.5302968147357,65302.0,73228.0,74223.6,74834.2,75405.0,76722.6,81094.59999999999,83497.32,84078.0,37.0,60874.27027027027,3860.5481234941,56147.0,59984.0,60361.0,60641.8,62184.2,62730.0,63512.999999999985,75650.76000000001,81234.0,37.0,1704149.2162162163,27138.57968847131,1653133.0,1697333.0,1700973.0,1706693.0,1716573.0,1753233.0,1758433.0,1759265.0,1759733.0,37.0,999233.0,0.0,999233.0,999233.0,999233.0,999233.0,999233.0,999233.0,999233.0,999233.0,999233.0,37.0,1.0,0.0,1.0,1.0,1.0,1.0,1.0,1.0,1.0,1.0,1.0,37.0,16.0,0.0,16.0,16.0,16.0,16.0,16.0,16.0,16.0,16.0,16.0,37.0,2.0,0.0,2.0,2.0,2.0,2.0,2.0,2.0,2.0,2.0,2.0,37.0,414.3783783783784,9.832913412930381,384.0,414.0,418.6,420.2,422.0,424.0,425.59999999999997,430.56,432.0,37.0,419.27027027027026,9.768568212636124,389.0,419.0,423.0,425.0,426.8,429.0,430.59999999999997,435.56,437.0,37.0,429215.64864864864,91005.17195748829,168151.0,408298.0,437875.8,441735.4,449979.2,479794.19999999995,614109.5999999999,711754.8800000001,756671.0,37.0,1.6642288796139617,0.06437815705405854,1.4113323342610433,1.6782795870371108,1.6860308224162621,1.7016528431197742,1.7075253663030174,1.7254423890924184,1.7281693989707438,1.7290888524208743,1.7291443741619148,37.0,0.6018374590866757,0.02552625177336131,0.5783207087520855,0.5958482768448804,0.6002962547000905,0.6055002739334003,0.6082740210668794,0.6201673668749056,0.6537203908877584,0.6913181550644771,0.7085503362491783,37.0,6.018374590866757,0.2552625177336131,5.783207087520855,5.958482768448804,6.002962547000905,6.055002739334003,6.082740210668794,6.201673668749057,6.537203908877584,6.913181550644772,7.085503362491783,37.0,491687.35135135136,15278.411188878787,441452.0,489248.0,495863.2,502044.0,504997.6,505445.6,506877.6,511255.84,511600.0,37.0,224000.0,0.0,224000.0,224000.0,224000.0,224000.0,224000.0,224000.0,224000.0,224000.0,224000.0,37.0,42000.0,0.0,42000.0,42000.0,42000.0,42000.0,42000.0,42000.0,42000.0,42000.0,42000.0,37.0,416.8243243243243,9.612070114803151,388.5,415.5,422.1,423.5,424.3,424.9,426.9,432.5,432.5,37.0,4192.7027027027025,97.68568212636124,3890.0,4190.0,4230.0,4250.0,4268.0,4290.0,4306.0,4355.6,4370.0,37.0,762296.8783783783,15382.050528585713,711730.5,759830.5,766535.3,772715.5,775677.9,776148.5,777618.5,782032.74,782362.5,37.0,2466446.0945945946,39663.66082480947,2364863.5,2457840.5,2471928.1,2478669.7,2495597.9,2528554.9,2534383.5,2535670.54,2536394.5,37.0,1.4473263300190016,0.00634625780750921,1.4297270210506574,1.4489650899760091,1.4491777129970849,1.4497695547658611,1.451859339489951,1.4551480389542886,1.455649445066178,1.4568108842478633,1.4574328507957222
fil/7/storageminer,25.0,7482.0,35201260.41472868,44395790.036539495,0.0,21543948.5,27893184.4,35192417.0,47658875.400000006,87700120.90000015,142532472.34999996,206150213.38,218544994.0,7482.0,9930868.712242715,11591026.083774377,0.0,6259575.0,8883267.999999996,10923388.6,13430565.2,26229618.900000013,39077714.65,51941041.379999995,55194452.0,7479.0,50961.29348843428,20150.75545279563,42371.0,49173.0,49981.2,51024.0,52778.200000000004,55375.6,59082.0,67983.26000000001,1492085.0,7482.0,73008448.15530607,80535679.6497305,341119.0,46559764.0,64038888.4,80603127.1,99745722.4,190053576.9000001,286603712.4,353176774.9,382980238.0,7482.0,12403619.232558139,12328854.509549106,90219.0,8190299.0,10063327.0,11936355.0,14631280.0,23634858.0,47918550.0,59621113.36999998,71724196.0,7482.0,3.0237904303662124,0.16745071254005361,0.0,3.0,3.0,3.0,3.0,3.0,3.0,4.0,4.0,7482.0,191.0715049452018,192.50519351814972,0.0,120.0,140.0,164.0,210.0,400.0,716.0,902.3799999999992,1062.0,7482.0,25.765838011226943,19.75412879943004,0.0,19.0,22.0,26.0,31.0,44.0,82.0,100.0,125.0,7482.0,42982.1300454424,45137.35159006,0.0,29223.0,39853.99999999999,50613.799999999996,61198.4,105002.10000000002,164000.44999999998,192085.87999999998,201987.0,7482.0,46800.93624699278,52743.64910973503,0.0,29689.0,41631.999999999985,53026.4,65969.20000000001,127199.80000000009,184531.09999999998,226237.76,240297.0,7482.0,10739466.788158247,11992320.520464733,220150.0,6860523.0,9610814.799999999,11668232.399999999,14313610.0,28017533.600000005,41158921.7,54105921.53,57600596.0,7479.0,3.356217336072921,0.6682609212602858,1.4278526307770485,3.0738839432454053,3.2607277767128138,3.4746456844735665,3.6556456001651716,4.217597742676817,5.071015862865702,5.563612573657923,5.997834669548703,7479.0,0.3073843121393285,0.04858038512912516,0.16672683644933536,0.32532132587419693,0.3352263155943571,0.33969543394218804,0.3430970490048825,0.348931390763623,0.3641999410590666,0.38487985236587136,0.7003523882263621,7479.0,3.0738431213932853,0.4858038512912516,1.6672683644933537,3.2532132587419693,3.352263155943571,3.39695433942188,3.4309704900488254,3.48931390763623,3.641999410590666,3.8487985236587137,7.003523882263622,7482.0,140805041.65891472,177583160.14615798,0.0,86175794.0,111572737.6,140769668.0,190635501.60000002,350800483.6000006,570129889.3999999,824600853.52,874179976.0,7482.0,2675001.0692328257,2695072.7092540963,0.0,1680000.0,1960000.0,2296000.0,2940000.0,5600000.0,10024000.0,12633319.999999989,14868000.0,7482.0,541082.5982357658,414836.70478803077,0.0,399000.0,462000.0,546000.0,651000.0,924000.0,1722000.0,2100000.0,2625000.0,7482.0,44891.53314621759,48877.76248395324,0.0,29172.25,40747.49999999999,51738.2,63983.600000000006,119550.70000000019,174362.42499999996,208885.50499999998,220864.0,7482.0,468009.3624699278,527436.4910973503,0.0,296890.0,416319.9999999998,530264.0,659692.0000000001,1271998.000000001,1845311.0,2262377.6,2402970.0,7482.0,144534026.22199947,181062968.42472076,0.0,88540287.25,114748968.79999998,144121862.3,193672546.70000005,356582493.15000004,582206330.0749999,841372343.38,893896644.0,7482.0,217542474.37730554,259599842.70428008,341119.0,137725560.5,183224106.49999985,230833197.3,282139260.3,566387010.5000002,868583081.0999999,1192473145.7499998,1276876882.0,7482.0,2.8461757838660557,0.8397517462131702,1.0,2.5093787865935493,2.6418339758494573,2.899623106526675,3.1177260860584988,3.47658157200183,4.980988958855946,6.008160965469953,8.72563832875569
fil/7/storageminer,26.0,5810.0,107679979.26213425,109598205.13088517,0.0,58508304.5,101530177.60000001,139421134.79999998,205447734.8,239327336.80000007,326512096.40000004,512664300.06999993,670566048.0,5810.0,32710804.75697074,31941192.610835727,0.0,18270580.5,32296352.200000003,42326453.4,62853798.8,73415760.30000001,97022778.35000001,144403728.67,190430392.0,5807.0,74754.63785086964,24527.855153052587,53658.0,69113.0,74729.2,82759.8,90012.2,96529.20000000001,101318.4,113908.73999999998,1116035.0,5810.0,391437014.6552496,253387870.33100155,30303519.0,284624077.0,371522734.0,444285685.09999996,654504222.0,704285202.1,888876435.35,1236559936.97,2057184223.0,5810.0,227148315.5938038,128399279.03797701,90219.0,169061072.5,194083233.4,246692079.2999997,363177081.9999999,395982726.0,529226530.05,646029617.43,1056378066.0,5810.0,5.159380378657487,1.1418888298496659,0.0,5.0,5.0,5.0,5.0,5.0,5.0,10.909999999999854,16.0,5810.0,884.1490533562823,742.3713006523946,0.0,548.0,670.0,997.2999999999997,1702.5999999999995,1902.0,2316.600000000002,3754.199999999997,5123.0,5810.0,303.56626506024094,273.7126505625455,0.0,179.0,220.0,338.2999999999997,608.0,662.0,825.6500000000005,1371.6399999999994,1997.0,5810.0,184228.50808950086,154640.70200657926,0.0,127873.5,193846.6,245608.6,341467.6,381518.8,480980.65,639703.4199999997,1239205.0,5810.0,132121.0321858864,107310.66511913629,0.0,89421.5,136901.0,172922.99999999994,224420.0,256058.40000000002,340600.3500000001,485110.4999999998,1087170.0,5810.0,66318781.02392427,75294907.7282122,238214.0,41440375.0,59912133.4,77775002.89999999,113980087.8,125197298.6,164872699.2000002,233884992.59,2714228651.0,5807.0,3.207275159972459,0.16778187578855153,2.256194169158019,3.189448020562676,3.238083644310742,3.2860029999909424,3.3377193690611127,3.4204765928028884,3.4986729920851456,3.673541882439693,4.231532898638474,5807.0,0.3126194835941924,0.015914614844644417,0.23632097964351337,0.31353387594119875,0.3189183078546542,0.3231332346542459,0.3266327947327771,0.33113760408218285,0.3343224541833088,0.3415970449056447,0.44322426397067877,5807.0,3.126194835941924,0.15914614844644415,2.3632097964351337,3.1353387594119875,3.1891830785465416,3.2313323465424593,3.2663279473277713,3.3113760408218282,3.343224541833088,3.415970449056447,4.432242639706788,5810.0,430719917.048537,438392820.5235407,0.0,234033218.0,406120710.40000004,557684539.1999999,821790939.2,957309347.2000003,1306048385.6000001,2050657200.2799997,2682264192.0,5810.0,12378086.746987952,10393198.209133524,0.0,7672000.0,9380000.0,13962199.999999996,23836399.999999993,26628000.0,32432400.00000003,52558799.99999996,71722000.0,5810.0,6374891.566265061,5747965.661813456,0.0,3759000.0,4620000.0,7104299.999999994,12768000.0,13902000.0,17338650.00000001,28804439.99999999,41937000.0,5810.0,158174.77013769365,130285.7222663986,0.0,110759.0,166687.9,209025.6,283064.7,320590.20000000007,410922.3250000001,561086.975,1163187.5,5810.0,1321210.321858864,1073106.6511913626,0.0,894215.0,1369010.0,1729229.9999999993,2244200.0,2560584.0,3406003.500000001,4851104.999999998,10871700.0,5810.0,450952280.45378655,455286566.5843142,0.0,244974024.75,421900050.3000001,580700267.9499999,863354333.2,996744530.1500006,1360376853.225,2137745403.5649993,2797134340.5,5810.0,842389295.1090361,707401414.0565338,30303519.0,525095349.75,790506876.3000001,1021712113.0499998,1521512230.8999999,1685691297.8,2230385686.775,3368285319.0549994,4734149630.5,5810.0,1.9140480476650839,0.4285055850286103,1.0,1.9098776922820906,2.1354786808092374,2.278302186393634,2.3321708252215667,2.468622524453728,2.556291785581161,2.7192785617867514,3.1325848327275803
fil/7/storageminer,27.0,81.0,13262087.469135802,3592145.4107393087,11087439.0,12430579.0,12592314.0,12741697.0,13119792.0,15356997.0,17657452.0,26325243.400000047,39788017.0,81.0,4421058.777777778,1124354.3834510986,3847297.0,4175660.0,4234867.0,4308393.0,4375316.0,5080594.0,5458015.0,8381057.8000000175,13252197.0,81.0,53368.18518518518,2117.225880197429,49897.0,52679.0,53293.0,54061.0,55229.0,56467.0,57768.0,58998.0,59394.0,81.0,78861304.18518518,3878909.823019227,73825417.0,78181974.0,79108874.0,80293174.0,80861158.0,82189918.0,85330299.0,94018905.80000001,96317361.0,81.0,52449059.74074074,1877157.738389137,51568117.0,52036374.0,52036374.0,52036374.0,52150991.0,52935599.0,54206175.0,59118887.20000003,67578192.0,81.0,8.0,0.0,8.0,8.0,8.0,8.0,8.0,8.0,8.0,8.0,8.0,81.0,277.12345679012344,28.700776433769775,267.0,271.0,271.0,271.0,273.0,283.0,301.0,375.4000000000005,513.0,81.0,62.77777777777778,13.396827982772638,58.0,60.0,60.0,60.0,61.0,65.0,73.0,107.60000000000024,174.0,81.0,67420.54320987655,27805.564600026282,55419.0,62722.0,63503.0,64278.0,65370.0,72368.0,91072.0,165383.40000000046,292733.0,81.0,20754.59259259259,2293.9207962448145,17543.0,20493.0,21088.0,21521.0,22279.0,23329.0,23711.0,28791.000000000007,30719.0,81.0,9818335.716049382,1505738.3613932256,8513648.0,9547176.0,9744892.0,9883996.0,10199699.0,10876428.0,11237607.0,14778576.200000022,20930281.0,81.0,2.990585868962222,0.09947742235910209,2.873677545313036,2.9692905816030266,2.9824091478924464,3.001928861395178,3.011588563694806,3.160503802960816,3.2051759021330053,3.2531978779192947,3.379866542583116,81.0,0.33473037846816384,0.010594322341244713,0.29586967041477746,0.33678078063351125,0.3383182504396945,0.34049447096911506,0.34335177107570225,0.3447878508774012,0.3463812535839841,0.3476593166103779,0.34798615510324,81.0,3.347303784681638,0.10594322341244714,2.9586967041477745,3.3678078063351125,3.383182504396945,3.4049447096911507,3.4335177107570223,3.447878508774012,3.463812535839841,3.476593166103779,3.4798615510324,81.0,53048349.87654321,14368581.642957235,44349756.0,49722316.0,50369256.0,50966788.0,52479168.0,61427988.0,70629808.0,105300973.60000019,159152068.0,81.0,3879728.3950617285,401810.87007277686,3738000.0,3794000.0,3794000.0,3794000.0,3822000.0,3962000.0,4214000.0,5255600.0000000065,7182000.0,81.0,1318333.3333333333,281333.38763822545,1218000.0,1260000.0,1260000.0,1260000.0,1281000.0,1365000.0,1533000.0,2259600.000000005,3654000.0,81.0,44087.567901234564,14306.955308903316,36797.5,41626.0,42434.0,43033.5,44360.5,48872.0,56476.5,97098.8000000002,156964.0,81.0,207545.92592592593,22939.207962448145,175430.0,204930.0,210880.0,215210.0,222790.0,233290.0,237110.0,287910.00000000006,307190.0,81.0,58498045.09876543,15047525.74234347,49526106.0,55024110.5,55723292.0,56329542.5,57725915.0,67017131.0,76650274.5,113201414.4000002,170356982.0,81.0,137359349.28395063,18291408.569213152,124208174.0,133304884.5,134924673.0,136404981.5,139511612.0,150077218.5,158469749.5,208944161.6000002,263801274.0,81.0,1.7368222054138505,0.14157758385141186,1.6596124801621233,1.6986384069287543,1.7027674206142895,1.7060759106877075,1.7196938807043614,1.8259808763892427,1.9265269377719445,2.1861722912368466,2.8230860157836073
fil/7/storagepower,2.0,34.0,2863681.7352941176,68767.56636376245,2687353.0,2848718.5,2870809.8,2903114.9,2933862.8,2946929.6,2963611.2,2994064.2600000002,3006300.0,34.0,1160414.9117647058,31945.331488357882,1073336.0,1162108.0,1168569.6,1176233.6,1182644.4,1200153.9,1212581.55,1221356.1,1224105.0,34.0,51173.294117647056,1118.1559637896175,49104.0,51113.5,51401.4,51534.4,51818.6,52621.7,53330.0,53492.69,53528.0,34.0,28070106.38235294,346207.440964799,27284530.0,28082080.0,28134210.0,28224336.0,28300192.8,28608035.1,28674943.0,28675508.48,28675787.0,34.0,10652400.5,195335.60521197948,10530130.0,10530130.0,10530130.0,10565494.0,10883770.0,10998387.0,11006736.6,11022243.0,11022243.0,34.0,3.0588235294117645,0.23883257361061283,3.0,3.0,3.0,3.0,3.0,3.0,3.349999999999998,4.0,4.0,34.0,117.11764705882354,2.345397890678072,115.0,116.0,116.0,116.19999999999999,118.0,119.7,121.74999999999999,125.0,125.0,34.0,10.147058823529411,0.3594906279535709,10.0,10.0,10.0,10.0,10.0,11.0,11.0,11.0,11.0,34.0,10205.176470588236,190.31767232521256,9693.0,10197.0,10294.8,10318.7,10383.2,10421.3,10465.3,10477.0,10477.0,34.0,13880.764705882353,182.858126628688,13397.0,13850.0,13942.2,14009.3,14047.8,14114.7,14138.5,14160.01,14161.0,34.0,2137102.9411764704,278845.655548548,1746857.0,2096869.0,2170101.8,2287947.7,2420667.4000000004,2527959.9,2584694.0999999996,2664388.75,2682580.0,34.0,2.4681825056417,0.02789047508333744,2.4059529207053316,2.4768689531005164,2.4798554843771616,2.4813830882399004,2.487093221047119,2.501220152295837,2.5072805349289116,2.5107955080768636,2.5116337357450185,34.0,0.40520699409357336,0.004611083087362385,0.3981472241625919,0.4037355730325478,0.40474804408087667,0.4069205073860861,0.409978388308941,0.41234784619872916,0.41351481890523795,0.4149764027297238,0.41563573060558434,34.0,4.052069940935733,0.046110830873623866,3.981472241625919,4.037355730325478,4.047480440808767,4.069205073860861,4.09978388308941,4.1234784619872915,4.13514818905238,4.1497640272972385,4.156357306055844,34.0,11454726.94117647,275070.2654550498,10749412.0,11394874.0,11483239.2,11612459.6,11735451.2,11787718.4,11854444.8,11976257.040000001,12025200.0,34.0,1639647.0588235294,32835.570469493,1610000.0,1624000.0,1624000.0,1626800.0,1652000.0,1675800.0,1704499.9999999998,1750000.0,1750000.0,34.0,213088.23529411765,7549.303187024991,210000.0,210000.0,210000.0,210000.0,210000.0,231000.0,231000.0,231000.0,231000.0,34.0,12042.970588235294,179.3812150724139,11545.0,12021.0,12134.6,12158.3,12196.6,12263.05,12277.575,12300.265,12310.0,34.0,138807.64705882352,1828.58126628688,133970.0,138500.0,139422.0,140093.0,140478.0,141147.0,141385.0,141600.1,141610.0,34.0,13458312.852941176,295813.20955060347,12728927.0,13379449.75,13531422.9,13616676.65,13742052.200000001,13874171.45,13911925.5,13996994.395,14038894.0,34.0,41528419.23529412,605565.0759716365,40013457.0,41455588.5,41645275.8,41789855.7,42007558.7,42477707.6,42543546.0,42586868.5,42586868.5,34.0,1.4794261467894143,0.007010768301002786,1.466525426679514,1.4798504572566875,1.481154027490797,1.4826442068180192,1.4851596566382015,1.4873023015015132,1.4906276820470832,1.495758666211578,1.4962179962697828
fil/7/verifiedregistry,4.0,11.0,1318176.0,76979.70050344442,1231788.0,1296165.0,1307472.0,1307472.0,1428630.0,1432280.0,1432280.0,1432280.0,1432280.0,11.0,568649.5454545454,43927.43120047799,488855.0,553992.0,564141.0,611927.0,613536.0,615588.0,623140.0,629181.6,630692.0,11.0,65235.181818181816,4860.6464141754195,54985.0,65455.0,66106.0,67849.0,68150.0,69492.0,70769.5,71791.5,72047.0,11.0,7382486.636363637,524414.1768049893,6938621.0,7131238.0,7131238.0,7751595.0,7757878.0,7757878.0,8185141.0,8526951.4,8612404.0,11.0,2825750.272727273,455614.94024057,2518621.0,2633238.0,2633238.0,2986878.0,2986878.0,3101495.0,3567649.5,3940573.1000000006,4033804.0,11.0,1.0909090909090908,0.30151134457776363,1.0,1.0,1.0,1.0,1.0,1.0,1.5,1.9000000000000004,2.0,11.0,34.0,3.872983346207417,31.0,33.0,33.0,35.0,35.0,37.0,40.5,43.300000000000004,44.0,11.0,6.636363636363637,0.674199862463242,6.0,7.0,7.0,7.0,7.0,7.0,7.5,7.9,8.0,11.0,3479.7272727272725,107.51473471956382,3345.0,3435.0,3496.0,3497.0,3629.0,3629.0,3631.5,3633.5,3634.0,11.0,3385.2727272727275,101.4426842202935,3230.0,3358.0,3375.0,3375.0,3462.0,3555.0,3555.0,3555.0,3555.0,11.0,1151070.8181818181,262684.51194534416,914082.0,1093684.0,1109834.0,1166462.0,1169488.0,1196699.0,1549335.5,1831444.7000000002,1901972.0,11.0,2.3226801106711603,0.0944988451901324,2.1181693241187265,2.326686030266997,2.334467741094247,2.3379158817481107,2.3613748462590145,2.3650568258901035,2.442398926696573,2.5042726073417487,2.5197410275030427,11.0,0.43119263751765263,0.017769735831991776,0.39686618151824826,0.42979584997346887,0.43017946663187906,0.43231949113307433,0.43798644910495305,0.4414662998817049,0.4567860444411668,0.4690418400887364,0.4721057890006288,11.0,4.311926375176527,0.1776973583199177,3.9686618151824824,4.297958499734689,4.3017946663187905,4.323194911330743,4.37986449104953,4.4146629988170485,4.567860444411668,4.6904184008873635,4.721057890006287,11.0,5272704.0,307918.80201377766,4927152.0,5184660.0,5229888.0,5229888.0,5714520.0,5729120.0,5729120.0,5729120.0,5729120.0,11.0,476000.0,54221.76684690384,434000.0,462000.0,462000.0,490000.0,490000.0,518000.0,567000.0,606200.0,616000.0,11.0,139363.63636363635,14158.197111728083,126000.0,147000.0,147000.0,147000.0,147000.0,147000.0,157500.0,165900.0,168000.0,11.0,3432.5,101.85013500236512,3296.0,3405.0,3420.5,3421.0,3548.0,3592.0,3592.0,3592.0,3592.0,11.0,33852.72727272727,1014.4268422029348,32300.0,33580.0,33750.0,33750.0,34620.0,35550.0,35550.0,35550.0,35550.0,11.0,5925352.863636363,339945.67259240785,5523317.0,5827043.0,5827043.0,5963565.0,6405262.0,6405262.0,6421975.0,6435345.4,6438688.0,11.0,13307839.5,787667.1697511266,12461938.0,12928372.5,12929241.0,14163140.0,14163140.0,14190283.0,14383126.0,14537400.4,14575969.0,11.0,1.8041337322910591,0.039222320773572295,1.692439068116173,1.813042980755936,1.8256461367399694,1.8256461367399694,1.8258724497815289,1.8258724497815289,1.828249976447702,1.8301519977806406,1.8306275031138752
